Workbook

Sheet Factors
A1: Factor | B1: SweFor name | C1: Unit | D1: Ela-sticity | E1: Commodity type | F1: Extrac-tion Rate | G1: MinTrpVol | H1: TrpFactors | I1: SoilCtype | J1: C per Unit | K1: DF product | L1: DF finish | M1: DF half-life | N1: Initial (tC)
A2: Pine saw timber | B2: PinTim | C2: m3fub | D2: 0 | E2: L | F2: 0.98 | G2: 20 | H2: Y | I2: C | P2: 0 | Q2: L
A3: Pine pulpwood | B3: PinPuw | C3: m3fub | D3: 0 | E3: L | F3: 0.92 | G3: 0 | H3: Y | I3: C | P3: 0 | Q3: L
A4: Spruce saw timber | B4: SprTim | C4: m3fub | D4: 0 | E4: L | F4: 0.98 | G4: 20 | H4: Y | I4: C | P4: 0 | Q4: L
A5: Spruce pulpwood | B5: SprPuw | C5: m3fub | D5: 0 | E5: L | F5: 0.92 | G5: 0 | H5: Y | I5: C | P5: 0 | Q5: L
A6: Deciduous pulpwood | B6: Decids | C6: m3fub | D6: 0 | E6: L | F6: 0.88 | G6: 0 | H6: Y | I6: C | P6: 0 | Q6: L
A7: Sawdust | B7: Sawdst | C7: m3fub | D7: 0 | E7: B | F7: 0 | G7: 0 | H7: Y | P7: 0 | Q7: B
A8: Chips | B8: Chips_ | C8: m3fub | D8: 0 | E8: B | F8: 0 | G8: 0 | H8: Y | P8: 0 | Q8: B
A9: Residues above gr. | B9: ResStm | C9: tonTS | D9: 0 | E9: R | F9: 0.65 | G9: 0 | H9: Y | I9: F | P9: 0 | Q9: R
A10: Stump and roots | B10: ResRot | C10: tonTS | D10: 0 | E10: R | F10: 0 | G10: 0 | H10: Y | I10: C | P10: 0 | Q10: R
A11: Sawn wood | B11: Sawnwd | C11: m3sw | D11: -0.12254296 | E11: E | F11: 0 | G11: 0 | J11: =ConvFact!A2*ConvFact!A4 -> 0.23 | K11: 1.3 | L11: 0.4 | M11: 35 | N11: 115512122 | P11: -0.12254296 | Q11: E
A12: Heat | B12: Heat__ | C12: MWh | D12: 0 | E12: F | F12: 0 | G12: 0 | J12: =ConvFact!A2*ConvFact!A4/ConvFact!A3 -> 0.10204082 | K12: 0.4 | L12: 0 | M12: 0 | N12: 0 | P12: 0 | Q12: P
A13: Electricity | B13: Electr | C13: MWh | D13: 0 | E13: P | F13: 0 | G13: 0 | J13: =ConvFact!A2*ConvFact!A4/ConvFact!A3 -> 0.10204082 | K13: 0.4 | L13: 0 | M13: 0 | N13: 0 | P13: 0 | Q13: F
A14: Biofuel | B14: BioFue | C14: MWh | D14: 0 | E14: D | F14: 0 | G14: 0 | J14: =ConvFact!A2*ConvFact!A4/ConvFact!A3 -> 0.10204082 | K14: 0.5 | L14: 0 | M14: 0 | N14: 0 | P14: 0 | Q14: D
A15: Pulp chem. process | B15: PuChem | C15: ton | D15: -0.5 | E15: E | F15: 0 | G15: 0 | J15: 0.45 | K15: 0 | L15: 0.4 | M15: 2 | N15: 37001679 | P15: -0.5 | Q15: E
A16: Pulp mech. process | B16: PuMech | C16: ton | D16: -0.5 | E16: E | F16: 0 | G16: 0 | J16: 0.388 | K16: 0 | L16: 0.4 | M16: 2 | N16: 0 | P16: -0.5 | Q16: E
A17: Dissolving pulp | B17: PuDiss | C17: ton | D17: -1.93 | E17: E | F17: 0 | G17: 0 | J17: 0.45 | K17: 2.8 | L17: 0.4 | M17: 2 | N17: 0 | P17: -1.93 | Q17: E
A18: Packaging | B18: PaChem | C18: ton | D18: -0.31123036 | E18: E | F18: 0 | G18: 0 | J18: =J15/ConvFact!A15 -> 0.40909091 | K18: 1 | L18: 0.4 | M18: 2 | N18: 0 | P18: -0.31123036 | Q18: E
A19: Other paper chem. | B19: OtChem | C19: ton | D19: -0.49445163 | E19: E | F19: 0 | G19: 0 | J19: =J15/ConvFact!A16 -> 0.34615385 | K19: 0 | L19: 0.4 | M19: 2 | N19: 0 | P19: -0.49445163 | Q19: E
A20: Other paper mech. | B20: OtMech | C20: ton | D20: -0.49445163 | E20: E | F20: 0 | G20: 0 | J20: =J16/ConvFact!A17 -> 0.29846154 | K20: 0 | L20: 0.4 | M20: 2 | N20: 0 | P20: -0.49445163 | Q20: E
A21: Newsprint | B21: NwMech | C21: ton | D21: -0.53473891 | E21: E | F21: 0 | G21: 0 | J21: =J16/ConvFact!A18 -> 0.35272727 | K21: 0 | L21: 0.4 | M21: 2 | N21: 0 | P21: -0.53473891 | Q21: E
A22: Particle board | B22: ParBoa | C22: m3fub | D22: -0.322 | E22: E | F22: 0 | G22: 0 | P22: -0.322 | Q22: E
A24: Sensitivity analysis coeff. | D24: 1 | E24: E | F24: Dermined by elasticity
E25: F | F25: The demanded quantititity should be met exactly and in propotion to initial capacity of each facility
E26: P | F26: Perfect elasticity
E27: D | F27: The demanded quantity should be met exactly
E28: L | F28: Logs
E29: R | F29: Residues and input to energy production
E30: B | F30: Byproducts

Sheet Processes
A1: Process | B1: Invest-ment | C1: Variable cost | D1: Fixed cost | E1: Deprecia-tion period | F1: Output factor for costs | G1: MinCapacity
A2: Sawmpi | B2: =[1]CostAnalysis!K13 -> 1103.6972 | C2: =[1]CostAnalysis!L13 -> 411.71831 | D2: =[1]CostAnalysis!M13 -> 403.83099 | E2: =[1]CostAnalysis!N13 -> 20 | F2: =Factors!B11 -> Sawnwd | G2: 50000
A3: Sawmsp | B3: =[1]CostAnalysis!K14 -> 1103.6972 | C3: =[1]CostAnalysis!L14 -> 411.71831 | D3: =[1]CostAnalysis!M14 -> 403.83099 | E3: =[1]CostAnalysis!N14 -> 20 | F3: =Factors!B11 -> Sawnwd | G3: 50000
A4: Sawmbe | B4: =[1]CostAnalysis!K15 -> 1103.6972 | C4: =[1]CostAnalysis!L15 -> 411.71831 | D4: =[1]CostAnalysis!M15 -> 403.83099 | E4: =[1]CostAnalysis!N15 -> 20 | F4: =Factors!#REF! -> #REF! | G4: 50000
A5: Sawmal | B5: =[1]CostAnalysis!K16 -> 1103.6972 | C5: =[1]CostAnalysis!L16 -> 411.71831 | D5: =[1]CostAnalysis!M16 -> 403.83099 | E5: =[1]CostAnalysis!N16 -> 20 | F5: =Factors!B11 -> Sawnwd | G5: 50000
A6: Heatpl | B6: =[1]CostAnalysis!K17 -> 1712.8416 | C6: =[1]CostAnalysis!L17 -> 224 | D6: =[1]CostAnalysis!M17 -> 0 | E6: =[1]CostAnalysis!N17 -> 20 | F6: =Factors!B12 -> Heat__ | G6: 50000
A7: CHPpl_ | B7: =[1]CostAnalysis!K18 -> 171.28416 | C7: =[1]CostAnalysis!L18 -> 298.66667 | D7: =[1]CostAnalysis!M18 -> 0 | E7: =[1]CostAnalysis!N18 -> 20 | F7: Electr | G7: 50000
A8: FTDpl_ | B8: =[1]CostAnalysis!K19 -> 6782.9208 | C8: =[1]CostAnalysis!L19 -> 834.23415 | D8: =[1]CostAnalysis!M19 -> 0 | E8: =[1]CostAnalysis!N19 -> 20 | F8: BioFue | G8: 50000
A9: PuChem | B9: =[1]CostAnalysis!K20 -> 22350 | C9: =[1]CostAnalysis!L20 -> 1146.6667 | D9: =[1]CostAnalysis!M20 -> 866.66667 | E9: =[1]CostAnalysis!N20 -> 20 | F9: PuChem | G9: 1
A10: PuCTMP | B10: =[1]CostAnalysis!K21 -> 19641.379 | C10: =[1]CostAnalysis!L21 -> 1528.8889 | D10: =[1]CostAnalysis!M21 -> 1309.4253 | E10: =[1]CostAnalysis!N21 -> 20 | F10: PuMech | G10: 1
A11: PuMech | B11: =[1]CostAnalysis!K22 -> 8593.1034 | C11: =[1]CostAnalysis!L22 -> 1528.8889 | D11: =[1]CostAnalysis!M22 -> 1309.4253 | E11: =[1]CostAnalysis!N22 -> 20 | F11: PuMech | G11: 1
A12: PuDiss | B12: =[1]CostAnalysis!K23 -> 22350 | C12: =[1]CostAnalysis!L23 -> 1146.6667 | D12: =[1]CostAnalysis!M23 -> 866.66667 | E12: =[1]CostAnalysis!N23 -> 20 | F12: PuDiss | G12: 1
A13: PaChem | B13: =[1]CostAnalysis!K24 -> 6334.6847 | C13: =[1]CostAnalysis!L24 -> 240 | D13: =[1]CostAnalysis!M24 -> 333.33333 | E13: =[1]CostAnalysis!N24 -> 20 | F13: PaChem | G13: 1
A14: OtChem | B14: =[1]CostAnalysis!K25 -> 8446.2462 | C14: =[1]CostAnalysis!L25 -> 320 | D14: =[1]CostAnalysis!M25 -> 444.44444 | E14: =[1]CostAnalysis!N25 -> 20 | F14: OtChem | G14: 1
A15: OtMech | B15: =[1]CostAnalysis!K26 -> 5455.9387 | C15: =[1]CostAnalysis!L26 -> 426.66667 | D15: =[1]CostAnalysis!M26 -> 363.72925 | E15: =[1]CostAnalysis!N26 -> 20 | F15: OtMech | G15: 1
A16: NwMech | B16: =[1]CostAnalysis!K27 -> 4091.954 | C16: =[1]CostAnalysis!L27 -> 320 | D16: =[1]CostAnalysis!M27 -> 272.79693 | E16: =[1]CostAnalysis!N27 -> 20 | F16: NwMech | G16: 1
A17: PuBCCS | B17: =[1]CostAnalysis!K28 -> 1 | C17: =[1]CostAnalysis!L28 -> 1 | D17: =[1]CostAnalysis!M28 -> 1 | E17: =[1]CostAnalysis!N28 -> 20 | F17: PuChem | G17: 1
A18: PaBCCS | B18: =[1]CostAnalysis!K29 -> 1 | C18: =[1]CostAnalysis!L29 -> 1 | D18: =[1]CostAnalysis!M29 -> 1 | E18: =[1]CostAnalysis!N29 -> 20 | F18: PaChem | G18: 1
... A25: TerHea | B25: =[1]CostAnalysis!K36 -> 1 | C25: =[1]CostAnalysis!L36 -> 0 | D25: =[1]CostAnalysis!M36 -> 0 | E25: =[1]CostAnalysis!N36 -> 999 | F25: ForFue | G25: 50000
A26: TerSee | B26: 1 | C26: 0 | D26: 0 | E26: 999 | F26: ForFue | G26: 1
A27: ParBoa | B27: =[1]CostAnalysis!K37 -> 791 | C27: =[1]CostAnalysis!L37 -> 529 | D27: =[1]CostAnalysis!M37 -> 264 | E27: =[1]CostAnalysis!N37 -> 20 | F27: ParBoa | G27: 250000

Sheet IO
