Workbook

Sheet HeatingPlants
K1: 1 | N1: 100 | O1: 2 | R1: 0.7 | S1: 3 | W1: Original capacity
A2: Location | B2: Facility | C2: County | D2: NUTS2 | E2: =[1]SummaryTable!B1 -> GpsNorth | F2: =[1]SummaryTable!C1 -> GPSEast | G2: Capacity | H2: =[1]SummaryTable!E1 -> ShareHeat | I2: =[1]SummaryTable!F1 -> ShareEl | J2: Type | K2: Linje | L2: Location | M2: Type | N2: Capacity | O2: Linje | P2: Location | Q2: Type | R2: Capacity | S2: Linje | T2: Location | U2: Type | V2: Capacity | W2: =[1]SummaryTable!D1 -> TotalDeliveries
A3: H181 | B3: =A3 -> H181 | C3: 1 | D3: 12 | E3: =VLOOKUP(A3,[1]SummaryTable!$A$2:$F$359,2,FALSE) -> 6583451.2 | F3: =VLOOKUP(A3,[1]SummaryTable!$A$2:$F$359,3,FALSE) -> 676414.23 | G3: =1.2*W3 -> 3685.0797 | H3: =VLOOKUP(A3,[1]SummaryTable!$A$2:$F$359,5,FALSE) -> 0.53667544 | I3: =VLOOKUP(A3,[1]SummaryTable!$A$2:$F$359,6,FALSE) -> 0.46332456 | J3: =IF(I3>0.1,[2]Processes!$A$6,[2]Processes!$A$5) -> Heatpl | K3: =IF(G3>$N$1,$A3&"L"&K$1,"-") -> H181L1 | L3: =IF(K3="-","-",$A3) -> H181 | M3: =IF(L3="-","-","Heatpl") -> Heatpl | N3: =IF(M3="-",0,G3) -> 3685.0797 | O3: =IF(G3*I3>$N$1,$A3&"L"&O$1,"-") -> H181L2 | P3: =IF(O3="-","-",A3) -> H181 | Q3: =IF(P3="-","-","CHPpl_") -> CHPpl_ | R3: =IF(Q3="-",0,G3*$R$1) -> 2579.5558 | S3: =IF(G3>$N$1,$A3&"L"&S$1,"-") -> H181L3 | T3: =IF(S3="-","-",$A3) -> H181 | U3: =IF(T3="-","-","TerHea") -> TerHea | V3: =IF(U3="-",0,9999) -> 9999 | W3: =VLOOKUP(A3,[1]SummaryTable!$A$2:$F$359,4,FALSE) -> 3070.8997
A4: H190 | B4: =A4 -> H190 | C4: 18 | D4: 12 | E4: =VLOOKUP(A4,[1]SummaryTable!$A$2:$F$359,2,FALSE) -> 6568953.1 | F4: =VLOOKUP(A4,[1]SummaryTable!$A$2:$F$359,3,FALSE) -> 512314.15 | G4: =1.2*W4 -> 1073.0699 | H4: =VLOOKUP(A4,[1]SummaryTable!$A$2:$F$359,5,FALSE) -> 0.51609342 | I4: =VLOOKUP(A4,[1]SummaryTable!$A$2:$F$359,6,FALSE) -> 0.48390658 | J4: =IF(I4>0.1,[2]Processes!$A$6,[2]Processes!$A$5) -> Heatpl | K4: =IF(G4>$N$1,$A4&"L"&K$1,"-") -> H190L1 | L4: =IF(K4="-","-",$A4) -> H190 | M4: =IF(L4="-","-","Heatpl") -> Heatpl | N4: =IF(M4="-",0,G4) -> 1073.0699 | O4: =IF(G4*I4>$N$1,$A4&"L"&O$1,"-") -> H190L2 | P4: =IF(O4="-","-",A4) -> H190 | Q4: =IF(P4="-","-","CHPpl_") -> CHPpl_ | R4: =IF(Q4="-",0,G4*I4) -> 519.26558 | S4: =IF(G4>$N$1,$A4&"L"&S$1,"-") -> H190L3 | T4: =IF(S4="-","-",$A4) -> H190 | U4: =IF(T4="-","-","TerHea") -> TerHea | V4: =IF(U4="-",0,9999) -> 9999 | W4: =VLOOKUP(A4,[1]SummaryTable!$A$2:$F$359,4,FALSE) -> 894.2249
A5: H176 | B5: =A5 -> H176 | C5: 4 | D5: 12 | E5: =VLOOKUP(A5,[1]SummaryTable!$A$2:$F$359,2,FALSE) -> 6586695.1 | F5: =VLOOKUP(A5,[1]SummaryTable!$A$2:$F$359,3,FALSE) -> 583369.67 | G5: =1.2*W5 -> 1008.2172 | H5: =VLOOKUP(A5,[1]SummaryTable!$A$2:$F$359,5,FALSE) -> 0.65371669 | I5: =VLOOKUP(A5,[1]SummaryTable!$A$2:$F$359,6,FALSE) -> 0.34628331 | J5: =IF(I5>0.1,[2]Processes!$A$6,[2]Processes!$A$5) -> Heatpl | K5: =IF(G5>$N$1,$A5&"L"&K$1,"-") -> H176L1 | L5: =IF(K5="-","-",$A5) -> H176 | M5: =IF(L5="-","-","Heatpl") -> Heatpl | N5: =IF(M5="-",0,G5) -> 1008.2172 | O5: =IF(G5*I5>$N$1,$A5&"L"&O$1,"-") -> H176L2 | P5: =IF(O5="-","-",A5) -> H176 | Q5: =IF(P5="-","-","CHPpl_") -> CHPpl_ | R5: =IF(Q5="-",0,G5*I5) -> 349.12878 | S5: =IF(G5>$N$1,$A5&"L"&S$1,"-") -> H176L3 | T5: =IF(S5="-","-",$A5) -> H176 | U5: =IF(T5="-","-","TerHea") -> TerHea | V5: =IF(U5="-",0,9999) -> 9999 | W5: =VLOOKUP(A5,[1]SummaryTable!$A$2:$F$359,4,FALSE) -> 840.181
A6: H320 | B6: =A6 -> H320 | C6: 7 | D6: 21 | E6: =VLOOKUP(A6,[1]SummaryTable!$A$2:$F$359,2,FALSE) -> 6302421.5 | F6: =VLOOKUP(A6,[1]SummaryTable!$A$2:$F$359,3,FALSE) -> 488455.87 | G6: =1.2*W6 -> 920.64 | H6: =VLOOKUP(A6,[1]SummaryTable!$A$2:$F$359,5,FALSE) -> 0.49060846 | I6: =VLOOKUP(A6,[1]SummaryTable!$A$2:$F$359,6,FALSE) -> 0.50939154 | J6: =IF(I6>0.1,[2]Processes!$A$6,[2]Processes!$A$5) -> Heatpl | K6: =IF(G6>$N$1,$A6&"L"&K$1,"-") -> H320L1 | L6: =IF(K6="-","-",$A6) -> H320 | M6: =IF(L6="-","-","Heatpl") -> Heatpl | N6: =IF(M6="-",0,G6) -> 920.64 | O6: =IF(G6*I6>$N$1,$A6&"L"&O$1,"-") -> H320L2 | P6: =IF(O6="-","-",A6) -> H320 | Q6: =IF(P6="-","-","CHPpl_") -> CHPpl_ | R6: =IF(Q6="-",0,G6*I6) -> 468.96623 | S6: =IF(G6>$N$1,$A6&"L"&S$1,"-") -> H320L3 | T6: =IF(S6="-","-",$A6) -> H320 | U6: =IF(T6="-","-","TerHea") -> TerHea | V6: =IF(U6="-",0,9999) -> 9999 | W6: =VLOOKUP(A6,[1]SummaryTable!$A$2:$F$359,4,FALSE) -> 767.2
A7: H86 | B7: =A7 -> H86 | C7: 23 | D7: 12 | E7: =VLOOKUP(A7,[1]SummaryTable!$A$2:$F$359,2,FALSE) -> 7002099.5 | F7: =VLOOKUP(A7,[1]SummaryTable!$A$2:$F$359,3,FALSE) -> 481788.13 | G7: =1.2*W7 -> 683.03964 | H7: =VLOOKUP(A7,[1]SummaryTable!$A$2:$F$359,5,FALSE) -> 0.52621228 | I7: =VLOOKUP(A7,[1]SummaryTable!$A$2:$F$359,6,FALSE) -> 0.47378772 | J7: =IF(I7>0.1,[2]Processes!$A$6,[2]Processes!$A$5) -> Heatpl | K7: =IF(G7>$N$1,$A7&"L"&K$1,"-") -> H86L1 | L7: =IF(K7="-","-",$A7) -> H86 | M7: =IF(L7="-","-","Heatpl") -> Heatpl | N7: =IF(M7="-",0,G7) -> 683.03964 | O7: =IF(G7*I7>$N$1,$A7&"L"&O$1,"-") -> H86L2 | P7: =IF(O7="-","-",A7) -> H86 | Q7: =IF(P7="-","-","CHPpl_") -> CHPpl_ | R7: =IF(Q7="-",0,G7*I7) -> 323.61579 | S7: =IF(G7>$N$1,$A7&"L"&S$1,"-") -> H86L3 | T7: =IF(S7="-","-",$A7) -> H86 | U7: =IF(T7="-","-","TerHea") -> TerHea | V7: =IF(U7="-",0,9999) -> 9999 | W7: =VLOOKUP(A7,[1]SummaryTable!$A$2:$F$359,4,FALSE) -> 569.1997
A8: H182 | B8: =A8 -> H182 | C8: 17 | D8: 31 | E8: =VLOOKUP(A8,[1]SummaryTable!$A$2:$F$359,2,FALSE) -> 6579972 | F8: =VLOOKUP(A8,[1]SummaryTable!$A$2:$F$359,3,FALSE) -> 414797.68 | G8: =1.2*W8 -> 671.9424 | H8: =VLOOKUP(A8,[1]SummaryTable!$A$2:$F$359,5,FALSE) -> 0.6084975 | I8: =VLOOKUP(A8,[1]SummaryTable!$A$2:$F$359,6,FALSE) -> 0.3915025 | J8: =IF(I8>0.1,[2]Processes!$A$6,[2]Processes!$A$5) -> Heatpl | K8: =IF(G8>$N$1,$A8&"L"&K$1,"-") -> H182L1 | L8: =IF(K8="-","-",$A8) -> H182 | M8: =IF(L8="-","-","Heatpl") -> Heatpl | N8: =IF(M8="-",0,G8) -> 671.9424 | O8: =IF(G8*I8>$N$1,$A8&"L"&O$1,"-") -> H182L2 | P8: =IF(O8="-","-",A8) -> H182 | Q8: =IF(P8="-","-","CHPpl_") -> CHPpl_ | R8: =IF(Q8="-",0,G8*I8) -> 263.06713 | S8: =IF(G8>$N$1,$A8&"L"&S$1,"-") -> H182L3 | T8: =IF(S8="-","-",$A8) -> H182 | U8: =IF(T8="-","-","TerHea") -> TerHea | V8: =IF(U8="-",0,9999) -> 9999 | W8: =VLOOKUP(A8,[1]SummaryTable!$A$2:$F$359,4,FALSE) -> 559.952
A9: H268 | B9: =A9 -> H268 | C9: 6 | D9: 21 | E9: =VLOOKUP(A9,[1]SummaryTable!$A$2:$F$359,2,FALSE) -> 6402243.1 | F9: =VLOOKUP(A9,[1]SummaryTable!$A$2:$F$359,3,FALSE) -> 450109.38 | G9: =1.2*W9 -> 664.716 | H9: =VLOOKUP(A9,[1]SummaryTable!$A$2:$F$359,5,FALSE) -> 0.58766182 | I9: =VLOOKUP(A9,[1]SummaryTable!$A$2:$F$359,6,FALSE) -> 0.41233818 | J9: =IF(I9>0.1,[2]Processes!$A$6,[2]Processes!$A$5) -> Heatpl | K9: =IF(G9>$N$1,$A9&"L"&K$1,"-") -> H268L1 | L9: =IF(K9="-","-",$A9) -> H268 | M9: =IF(L9="-","-","Heatpl") -> Heatpl | N9: =IF(M9="-",0,G9) -> 664.716 | O9: =IF(G9*I9>$N$1,$A9&"L"&O$1,"-") -> H268L2 | P9: =IF(O9="-","-",A9) -> H268 | Q9: =IF(P9="-","-","CHPpl_") -> CHPpl_ | R9: =IF(Q9="-",0,G9*I9) -> 274.08779 | S9: =IF(G9>$N$1,$A9&"L"&S$1,"-") -> H268L3 | T9: =IF(S9="-","-",$A9) -> H268 | U9: =IF(T9="-","-","TerHea") -> TerHea | V9: =IF(U9="-",0,9999) -> 9999 | W9: =VLOOKUP(A9,[1]SummaryTable!$A$2:$F$359,4,FALSE) -> 553.93
A10: H326 | B10: =A10 -> H326 | C10: 8 | D10: 21 | E10: =VLOOKUP(A10,[1]SummaryTable!$A$2:$F$359,2,FALSE) -> 6279434.1 | F10: =VLOOKUP(A10,[1]SummaryTable!$A$2:$F$359,3,FALSE) -> 583418.89 | G10: =1.2*W10 -> 637.08 | H10: =VLOOKUP(A10,[1]SummaryTable!$A$2:$F$359,5,FALSE) -> 0.52461777 | I10: =VLOOKUP(A10,[1]SummaryTable!$A$2:$F$359,6,FALSE) -> 0.47538223 | J10: =IF(I10>0.1,[2]Processes!$A$6,[2]Processes!$A$5) -> Heatpl | K10: =IF(G10>$N$1,$A10&"L"&K$1,"-") -> H326L1 | L10: =IF(K10="-","-",$A10) -> H326 | M10: =IF(L10="-","-","Heatpl") -> Heatpl | N10: =IF(M10="-",0,G10) -> 637.08 | O10: =IF(G10*I10>$N$1,$A10&"L"&O$1,"-") -> H326L2 | P10: =IF(O10="-","-",A10) -> H326 | Q10: =IF(P10="-","-","CHPpl_") -> CHPpl_ | R10: =IF(Q10="-",0,G10*I10) -> 302.85651 | S10: =IF(G10>$N$1,$A10&"L"&S$1,"-") -> H326L3 | T10: =IF(S10="-","-",$A10) -> H326 | U10: =IF(T10="-","-","TerHea") -> TerHea | V10: =IF(U10="-",0,9999) -> 9999 | W10: =VLOOKUP(A10,[1]SummaryTable!$A$2:$F$359,4,FALSE) -> 530.9
A11: H274 | B11: =A11 -> H274 | C11: 14 | D11: 23 | E11: =VLOOKUP(A11,[1]SummaryTable!$A$2:$F$359,2,FALSE) -> 6396012.8 | F11: =VLOOKUP(A11,[1]SummaryTable!$A$2:$F$359,3,FALSE) -> 376954.59 | G11: =1.2*W11 -> 621.8634 | H11: =VLOOKUP(A11,[1]SummaryTable!$A$2:$F$359,5,FALSE) -> 0.74670371 | I11: =VLOOKUP(A11,[1]SummaryTable!$A$2:$F$359,6,FALSE) -> 0.25329629 | J11: =IF(I11>0.1,[2]Processes!$A$6,[2]Processes!$A$5) -> Heatpl | K11: =IF(G11>$N$1,$A11&"L"&K$1,"-") -> H274L1 | L11: =IF(K11="-","-",$A11) -> H274 | M11: =IF(L11="-","-","Heatpl") -> Heatpl | N11: =IF(M11="-",0,G11) -> 621.8634 | O11: =IF(G11*I11>$N$1,$A11&"L"&O$1,"-") -> H274L2 | P11: =IF(O11="-","-",A11) -> H274 | Q11: =IF(P11="-","-","CHPpl_") -> CHPpl_ | R11: =IF(Q11="-",0,G11*I11) -> 157.51569 | S11: =IF(G11>$N$1,$A11&"L"&S$1,"-") -> H274L3 | T11: =IF(S11="-","-",$A11) -> H274 | U11: =IF(T11="-","-","TerHea") -> TerHea | V11: =IF(U11="-",0,9999) -> 9999 | W11: =VLOOKUP(A11,[1]SummaryTable!$A$2:$F$359,4,FALSE) -> 518.2195
A12: H72 | B12: =A12 -> H72 | C12: 24 | D12: 33 | E12: =VLOOKUP(A12,[1]SummaryTable!$A$2:$F$359,2,FALSE) -> 7094648.9 | F12: =VLOOKUP(A12,[1]SummaryTable!$A$2:$F$359,3,FALSE) -> 765953.48 | G12: =1.2*W12 -> 588.948 | H12: =VLOOKUP(A12,[1]SummaryTable!$A$2:$F$359,5,FALSE) -> 0.58862123 | I12: =VLOOKUP(A12,[1]SummaryTable!$A$2:$F$359,6,FALSE) -> 0.41137877 | J12: =IF(I12>0.1,[2]Processes!$A$6,[2]Processes!$A$5) -> Heatpl | K12: =IF(G12>$N$1,$A12&"L"&K$1,"-") -> H72L1 | L12: =IF(K12="-","-",$A12) -> H72 | M12: =IF(L12="-","-","Heatpl") -> Heatpl | N12: =IF(M12="-",0,G12) -> 588.948 | O12: =IF(G12*I12>$N$1,$A12&"L"&O$1,"-") -> H72L2 | P12: =IF(O12="-","-",A12) -> H72 | Q12: =IF(P12="-","-","CHPpl_") -> CHPpl_ | R12: =IF(Q12="-",0,G12*I12) -> 242.28071 | S12: =IF(G12>$N$1,$A12&"L"&S$1,"-") -> H72L3 | T12: =IF(S12="-","-",$A12) -> H72 | U12: =IF(T12="-","-","TerHea") -> TerHea | V12: =IF(U12="-",0,9999) -> 9999 | W12: =VLOOKUP(A12,[1]SummaryTable!$A$2:$F$359,4,FALSE) -> 490.79
A13: H348 | B13: =A13 -> H348 | C13: 12 | D13: 22 | E13: =VLOOKUP(A13,[1]SummaryTable!$A$2:$F$359,2,FALSE) -> 6209659.4 | F13: =VLOOKUP(A13,[1]SummaryTable!$A$2:$F$359,3,FALSE) -> 356474.53 | G13: =1.2*W13 -> 564.48 | H13: =VLOOKUP(A13,[1]SummaryTable!$A$2:$F$359,5,FALSE) -> 0.48830679 | I13: =VLOOKUP(A13,[1]SummaryTable!$A$2:$F$359,6,FALSE) -> 0.51169321 | J13: =IF(I13>0.1,[2]Processes!$A$6,[2]Processes!$A$5) -> Heatpl | K13: =IF(G13>$N$1,$A13&"L"&K$1,"-") -> H348L1 | L13: =IF(K13="-","-",$A13) -> H348 | M13: =IF(L13="-","-","Heatpl") -> Heatpl | N13: =IF(M13="-",0,G13) -> 564.48 | O13: =IF(G13*I13>$N$1,$A13&"L"&O$1,"-") -> H348L2 | P13: =IF(O13="-","-",A13) -> H348 | Q13: =IF(P13="-","-","CHPpl_") -> CHPpl_ | R13: =IF(Q13="-",0,G13*I13) -> 288.84059 | S13: =IF(G13>$N$1,$A13&"L"&S$1,"-") -> H348L3 | T13: =IF(S13="-","-",$A13) -> H348 | U13: =IF(T13="-","-","TerHea") -> TerHea | V13: =IF(U13="-",0,9999) -> 9999 | W13: =VLOOKUP(A13,[1]SummaryTable!$A$2:$F$359,4,FALSE) -> 470.4
A14: H350 | B14: =A14 -> H350 | C14: 12 | D14: 22 | E14: =VLOOKUP(A14,[1]SummaryTable!$A$2:$F$359,2,FALSE) -> 6207231.8 | F14: =VLOOKUP(A14,[1]SummaryTable!$A$2:$F$359,3,FALSE) -> 447164.47 | G14: =1.2*W14 -> 530.6604 | H14: =VLOOKUP(A14,[1]SummaryTable!$A$2:$F$359,5,FALSE) -> 0.61084259 | I14: =VLOOKUP(A14,[1]SummaryTable!$A$2:$F$359,6,FALSE) -> 0.38915741 | J14: =IF(I14>0.1,[2]Processes!$A$6,[2]Processes!$A$5) -> Heatpl | K14: =IF(G14>$N$1,$A14&"L"&K$1,"-") -> H350L1 | L14: =IF(K14="-","-",$A14) -> H350 | M14: =IF(L14="-","-","Heatpl") -> Heatpl | N14: =IF(M14="-",0,G14) -> 530.6604 | O14: =IF(G14*I14>$N$1,$A14&"L"&O$1,"-") -> H350L2 | P14: =IF(O14="-","-",A14) -> H350 | Q14: =IF(P14="-","-","CHPpl_") -> CHPpl_ | R14: =IF(Q14="-",0,G14*I14) -> 206.51043 | S14: =IF(G14>$N$1,$A14&"L"&S$1,"-") -> H350L3 | T14: =IF(S14="-","-",$A14) -> H350 | U14: =IF(T14="-","-","TerHea") -> TerHea | V14: =IF(U14="-",0,9999) -> 9999 | W14: =VLOOKUP(A14,[1]SummaryTable!$A$2:$F$359,4,FALSE) -> 442.217
A15: H158 | B15: =A15 -> H158 | C15: 19 | D15: 12 | E15: =VLOOKUP(A15,[1]SummaryTable!$A$2:$F$359,2,FALSE) -> 6608483.1 | F15: =VLOOKUP(A15,[1]SummaryTable!$A$2:$F$359,3,FALSE) -> 587306.32 | G15: =1.2*W15 -> 524.19596 | H15: =VLOOKUP(A15,[1]SummaryTable!$A$2:$F$359,5,FALSE) -> 0.93967469 | I15: =VLOOKUP(A15,[1]SummaryTable!$A$2:$F$359,6,FALSE) -> 0.060325314 | J15: =IF(I15>0.1,[2]Processes!$A$6,[2]Processes!$A$5) -> Sawmal | K15: =IF(G15>$N$1,$A15&"L"&K$1,"-") -> H158L1 | L15: =IF(K15="-","-",$A15) -> H158 | M15: =IF(L15="-","-","Heatpl") -> Heatpl | N15: =IF(M15="-",0,G15) -> 524.19596 | O15: =IF(G15*I15>$N$1,$A15&"L"&O$1,"-") -> - | P15: =IF(O15="-","-",A15) -> - | Q15: =IF(P15="-","-","CHPpl_") -> - | R15: =IF(Q15="-",0,G15*I15) -> 0 | S15: =IF(G15>$N$1,$A15&"L"&S$1,"-") -> H158L3 | T15: =IF(S15="-","-",$A15) -> H158 | U15: =IF(T15="-","-","TerHea") -> TerHea | V15: =IF(U15="-",0,9999) -> 9999 | W15: =VLOOKUP(A15,[1]SummaryTable!$A$2:$F$359,4,FALSE) -> 436.82996
... A89: H279 | B89: =A89 -> H279 | C89: 14 | D89: 23 | E89: =VLOOKUP(A89,[1]SummaryTable!$A$2:$F$359,2,FALSE) -> 6390245 | F89: =VLOOKUP(A89,[1]SummaryTable!$A$2:$F$359,3,FALSE) -> 322019.98 | G89: =1.2*W89 -> 78.6012 | H89: =VLOOKUP(A89,[1]SummaryTable!$A$2:$F$359,5,FALSE) -> 0.46132637 | I89: =VLOOKUP(A89,[1]SummaryTable!$A$2:$F$359,6,FALSE) -> 0.53867363 | J89: =IF(I89>0.1,[2]Processes!$A$6,[2]Processes!$A$5) -> Heatpl | K89: =IF(G89>$N$1,$A89&"L"&K$1,"-") -> - | L89: =IF(K89="-","-",$A89) -> - | M89: =IF(L89="-","-","Heatpl") -> - | N89: =IF(M89="-",0,G89) -> 0 | O89: =IF(G89*I89>$N$1,$A89&"L"&O$1,"-") -> - | P89: =IF(O89="-","-",A89) -> - | Q89: =IF(P89="-","-","CHPpl_") -> - | R89: =IF(Q89="-",0,G89*I89) -> 0 | S89: =IF(G89>$N$1,$A89&"L"&S$1,"-") -> - | T89: =IF(S89="-","-",$A89) -> - | U89: =IF(T89="-","-","TerHea") -> - | V89: =IF(U89="-",0,9999) -> 0 | W89: =VLOOKUP(A89,[1]SummaryTable!$A$2:$F$359,4,FALSE) -> 65.501
A90: H328 | B90: =A90 -> H328 | C90: 7 | D90: 21 | E90: =VLOOKUP(A90,[1]SummaryTable!$A$2:$F$359,2,FALSE) -> 6265690.2 | F90: =VLOOKUP(A90,[1]SummaryTable!$A$2:$F$359,3,FALSE) -> 446717.06 | G90: 500 | H90: =VLOOKUP(A90,[1]SummaryTable!$A$2:$F$359,5,FALSE) -> 1 | I90: =VLOOKUP(A90,[1]SummaryTable!$A$2:$F$359,6,FALSE) -> 0 | J90: =IF(I90>0.1,[2]Processes!$A$6,[2]Processes!$A$5) -> Sawmal | K90: =IF(G90>$N$1,$A90&"L"&K$1,"-") -> H328L1 | L90: =IF(K90="-","-",$A90) -> H328 | M90: ParBoa | N90: =IF(M90="-",0,G90) -> 500 | O90: =IF(G90>$N$1,$A90&"L"&O$1,"-") -> H328L2 | P90: =IF(O90="-","-",$A90) -> H328 | Q90: =IF(P90="-","-","TerPal") -> TerPal | R90: =IF(Q90="-",0,9999) -> 9999 | S90: =IF(G90>$N$1,$A90&"L"&S$1,"-") -> H328L3 | T90: =IF(S90="-","-",$A90) -> H328 | U90: =IF(T90="-","-","TerHea") -> TerHea | V90: 0 | W90: =VLOOKUP(A90,[1]SummaryTable!$A$2:$F$359,4,FALSE) -> 65.45
A91: H129 | B91: =A91 -> H129 | C91: 3 | D91: 12 | E91: =VLOOKUP(A91,[1]SummaryTable!$A$2:$F$359,2,FALSE) -> 6691845.9 | F91: =VLOOKUP(A91,[1]SummaryTable!$A$2:$F$359,3,FALSE) -> 638746.25 | G91: =1.2*W91 -> 78.36 | H91: =VLOOKUP(A91,[1]SummaryTable!$A$2:$F$359,5,FALSE) -> 1 | I91: =VLOOKUP(A91,[1]SummaryTable!$A$2:$F$359,6,FALSE) -> 0 | J91: =IF(I91>0.1,[2]Processes!$A$6,[2]Processes!$A$5) -> Sawmal | K91: =IF(G91>$N$1,$A91&"L"&K$1,"-") -> - | L91: =IF(K91="-","-",$A91) -> - | M91: =IF(L91="-","-","Heatpl") -> - | N91: =IF(M91="-",0,G91) -> 0 | O91: =IF(G91*I91>$N$1,$A91&"L"&O$1,"-") -> - | P91: =IF(O91="-","-",A91) -> - | Q91: =IF(P91="-","-","CHPpl_") -> - | R91: =IF(Q91="-",0,G91*I91) -> 0 | S91: =IF(G91>$N$1,$A91&"L"&S$1,"-") -> - | T91: =IF(S91="-","-",$A91) -> - | U91: =IF(T91="-","-","TerHea") -> - | V91: =IF(U91="-",0,9999) -> 0 | W91: =VLOOKUP(A91,[1]SummaryTable!$A$2:$F$359,4,FALSE) -> 65.3
A92: H131 | B92: =A92 -> H131 | C92: 20 | D92: 31 | E92: =VLOOKUP(A92,[1]SummaryTable!$A$2:$F$359,2,FALSE) -> 6688463.9 | F92: =VLOOKUP(A92,[1]SummaryTable!$A$2:$F$359,3,FALSE) -> 540832.81 | G92: =1.2*W92 -> 76.319892 | H92: =VLOOKUP(A92,[1]SummaryTable!$A$2:$F$359,5,FALSE) -> 0.79200282 | I92: =VLOOKUP(A92,[1]SummaryTable!$A$2:$F$359,6,FALSE) -> 0.20799718 | J92: =IF(I92>0.1,[2]Processes!$A$6,[2]Processes!$A$5) -> Heatpl | K92: =IF(G92>$N$1,$A92&"L"&K$1,"-") -> - | L92: =IF(K92="-","-",$A92) -> - | M92: =IF(L92="-","-","Heatpl") -> - | N92: =IF(M92="-",0,G92) -> 0 | O92: =IF(G92*I92>$N$1,$A92&"L"&O$1,"-") -> - | P92: =IF(O92="-","-",A92) -> - | Q92: =IF(P92="-","-","CHPpl_") -> - | R92: =IF(Q92="-",0,G92*I92) -> 0 | S92: =IF(G92>$N$1,$A92&"L"&S$1,"-") -> - | T92: =IF(S92="-","-",$A92) -> - | U92: =IF(T92="-","-","TerHea") -> - | V92: =IF(U92="-",0,9999) -> 0 | W92: =VLOOKUP(A92,[1]SummaryTable!$A$2:$F$359,4,FALSE) -> 63.59991
A93: H321 | B93: =A93 -> H321 | C93: 7 | D93: 21 | E93: =VLOOKUP(A93,[1]SummaryTable!$A$2:$F$359,2,FALSE) -> 6296442.3 | F93: =VLOOKUP(A93,[1]SummaryTable!$A$2:$F$359,3,FALSE) -> 435031.37 | G93: =1.2*W93 -> 75.024 | H93: =VLOOKUP(A93,[1]SummaryTable!$A$2:$F$359,5,FALSE) -> 0.88197726 | I93: =VLOOKUP(A93,[1]SummaryTable!$A$2:$F$359,6,FALSE) -> 0.11802274 | J93: =IF(I93>0.1,[2]Processes!$A$6,[2]Processes!$A$5) -> Heatpl | K93: =IF(G93>$N$1,$A93&"L"&K$1,"-") -> - | L93: =IF(K93="-","-",$A93) -> - | M93: =IF(L93="-","-","Heatpl") -> - | N93: =IF(M93="-",0,G93) -> 0 | O93: =IF(G93*I93>$N$1,$A93&"L"&O$1,"-") -> - | P93: =IF(O93="-","-",A93) -> - | Q93: =IF(P93="-","-","CHPpl_") -> - | R93: =IF(Q93="-",0,G93*I93) -> 0 | S93: =IF(G93>$N$1,$A93&"L"&S$1,"-") -> - | T93: =IF(S93="-","-",$A93) -> - | U93: =IF(T93="-","-","TerHea") -> - | V93: =IF(U93="-",0,9999) -> 0 | W93: =VLOOKUP(A93,[1]SummaryTable!$A$2:$F$359,4,FALSE) -> 62.52
A94: H347 | B94: =A94 -> H347 | C94: 12 | D94: 22 | E94: =VLOOKUP(A94,[1]SummaryTable!$A$2:$F$359,2,FALSE) -> 6212137.4 | F94: =VLOOKUP(A94,[1]SummaryTable!$A$2:$F$359,3,FALSE) -> 390477.74 | G94: =1.2*W94 -> 73.896 | H94: =VLOOKUP(A94,[1]SummaryTable!$A$2:$F$359,5,FALSE) -> 1 | I94: =VLOOKUP(A94,[1]SummaryTable!$A$2:$F$359,6,FALSE) -> 0 | J94: =IF(I94>0.1,[2]Processes!$A$6,[2]Processes!$A$5) -> Sawmal | K94: =IF(G94>$N$1,$A94&"L"&K$1,"-") -> - | L94: =IF(K94="-","-",$A94) -> - | M94: =IF(L94="-","-","Heatpl") -> - | N94: =IF(M94="-",0,G94) -> 0 | O94: =IF(G94*I94>$N$1,$A94&"L"&O$1,"-") -> - | P94: =IF(O94="-","-",A94) -> - | Q94: =IF(P94="-","-","CHPpl_") -> - | R94: =IF(Q94="-",0,G94*I94) -> 0 | S94: =IF(G94>$N$1,$A94&"L"&S$1,"-") -> - | T94: =IF(S94="-","-",$A94) -> - | U94: =IF(T94="-","-","TerHea") -> - | V94: =IF(U94="-",0,9999) -> 0 | W94: =VLOOKUP(A94,[1]SummaryTable!$A$2:$F$359,4,FALSE) -> 61.58
A95: H227 | B95: =A95 -> H227 | C95: 5 | D95: 12 | E95: =VLOOKUP(A95,[1]SummaryTable!$A$2:$F$359,2,FALSE) -> 6473956.1 | F95: =VLOOKUP(A95,[1]SummaryTable!$A$2:$F$359,3,FALSE) -> 538345.83 | G95: =1.2*W95 -> 72.48 | H95: =VLOOKUP(A95,[1]SummaryTable!$A$2:$F$359,5,FALSE) -> 0.60429463 | I95: =VLOOKUP(A95,[1]SummaryTable!$A$2:$F$359,6,FALSE) -> 0.39570537 | J95: =IF(I95>0.1,[2]Processes!$A$6,[2]Processes!$A$5) -> Heatpl | K95: =IF(G95>$N$1,$A95&"L"&K$1,"-") -> - | L95: =IF(K95="-","-",$A95) -> - | M95: =IF(L95="-","-","Heatpl") -> - | N95: =IF(M95="-",0,G95) -> 0 | O95: =IF(G95*I95>$N$1,$A95&"L"&O$1,"-") -> - | P95: =IF(O95="-","-",A95) -> - | Q95: =IF(P95="-","-","CHPpl_") -> - | R95: =IF(Q95="-",0,G95*I95) -> 0 | S95: =IF(G95>$N$1,$A95&"L"&S$1,"-") -> - | T95: =IF(S95="-","-",$A95) -> - | U95: =IF(T95="-","-","TerHea") -> - | V95: =IF(U95="-",0,9999) -> 0 | W95: =VLOOKUP(A95,[1]SummaryTable!$A$2:$F$359,4,FALSE) -> 60.4
A96: H299 | B96: =A96 -> H299 | C96: 6 | D96: 21 | E96: =VLOOKUP(A96,[1]SummaryTable!$A$2:$F$359,2,FALSE) -> 6359357.2 | F96: =VLOOKUP(A96,[1]SummaryTable!$A$2:$F$359,3,FALSE) -> 480048.91 | G96: =1.2*W96 -> 70.1724 | H96: =VLOOKUP(A96,[1]SummaryTable!$A$2:$F$359,5,FALSE) -> 1 | I96: =VLOOKUP(A96,[1]SummaryTable!$A$2:$F$359,6,FALSE) -> 0 | J96: =IF(I96>0.1,[2]Processes!$A$6,[2]Processes!$A$5) -> Sawmal | K96: =IF(G96>$N$1,$A96&"L"&K$1,"-") -> - | L96: =IF(K96="-","-",$A96) -> - | M96: =IF(L96="-","-","Heatpl") -> - | N96: =IF(M96="-",0,G96) -> 0 | O96: =IF(G96*I96>$N$1,$A96&"L"&O$1,"-") -> - | P96: =IF(O96="-","-",A96) -> - | Q96: =IF(P96="-","-","CHPpl_") -> - | R96: =IF(Q96="-",0,G96*I96) -> 0 | S96: =IF(G96>$N$1,$A96&"L"&S$1,"-") -> - | T96: =IF(S96="-","-",$A96) -> - | U96: =IF(T96="-","-","TerHea") -> - | V96: =IF(U96="-",0,9999) -> 0 | W96: =VLOOKUP(A96,[1]SummaryTable!$A$2:$F$359,4,FALSE) -> 58.477
A97: H356 | B97: =A97 -> H356 | C97: 12 | D97: 22 | E97: =VLOOKUP(A97,[1]SummaryTable!$A$2:$F$359,2,FALSE) -> 6154231.9 | F97: =VLOOKUP(A97,[1]SummaryTable!$A$2:$F$359,3,FALSE) -> 459316.29 | G97: =1.2*W97 -> 64.08 | H97: =VLOOKUP(A97,[1]SummaryTable!$A$2:$F$359,5,FALSE) -> 1 | I97: =VLOOKUP(A97,[1]SummaryTable!$A$2:$F$359,6,FALSE) -> 0 | J97: =IF(I97>0.1,[2]Processes!$A$6,[2]Processes!$A$5) -> Sawmal | K97: =IF(G97>$N$1,$A97&"L"&K$1,"-") -> - | L97: =IF(K97="-","-",$A97) -> - | M97: =IF(L97="-","-","Heatpl") -> - | N97: =IF(M97="-",0,G97) -> 0 | O97: =IF(G97*I97>$N$1,$A97&"L"&O$1,"-") -> - | P97: =IF(O97="-","-",A97) -> - | Q97: =IF(P97="-","-","CHPpl_") -> - | R97: =IF(Q97="-",0,G97*I97) -> 0 | S97: =IF(G97>$N$1,$A97&"L"&S$1,"-") -> - | T97: =IF(S97="-","-",$A97) -> - | U97: =IF(T97="-","-","TerHea") -> - | V97: =IF(U97="-",0,9999) -> 0 | W97: =VLOOKUP(A97,[1]SummaryTable!$A$2:$F$359,4,FALSE) -> 53.4
A98: H327 | B98: =A98 -> H327 | C98: 8 | D98: 21 | E98: =VLOOKUP(A98,[1]SummaryTable!$A$2:$F$359,2,FALSE) -> 6274174 | F98: =VLOOKUP(A98,[1]SummaryTable!$A$2:$F$359,3,FALSE) -> 533012.65 | G98: =1.2*W98 -> 63.72 | H98: =VLOOKUP(A98,[1]SummaryTable!$A$2:$F$359,5,FALSE) -> 1 | I98: =VLOOKUP(A98,[1]SummaryTable!$A$2:$F$359,6,FALSE) -> 0 | J98: =IF(I98>0.1,[2]Processes!$A$6,[2]Processes!$A$5) -> Sawmal | K98: =IF(G98>$N$1,$A98&"L"&K$1,"-") -> - | L98: =IF(K98="-","-",$A98) -> - | M98: =IF(L98="-","-","Heatpl") -> - | N98: =IF(M98="-",0,G98) -> 0 | O98: =IF(G98*I98>$N$1,$A98&"L"&O$1,"-") -> - | P98: =IF(O98="-","-",A98) -> - | Q98: =IF(P98="-","-","CHPpl_") -> - | R98: =IF(Q98="-",0,G98*I98) -> 0 | S98: =IF(G98>$N$1,$A98&"L"&S$1,"-") -> - | T98: =IF(S98="-","-",$A98) -> - | U98: =IF(T98="-","-","TerHea") -> - | V98: =IF(U98="-",0,9999) -> 0 | W98: =VLOOKUP(A98,[1]SummaryTable!$A$2:$F$359,4,FALSE) -> 53.1
A99: H141 | B99: =A99 -> H141 | C99: 17 | D99: 31 | E99: =VLOOKUP(A99,[1]SummaryTable!$A$2:$F$359,2,FALSE) -> 6656628.2 | F99: =VLOOKUP(A99,[1]SummaryTable!$A$2:$F$359,3,FALSE) -> 429620.09 | G99: =1.2*W99 -> 62.16 | H99: =VLOOKUP(A99,[1]SummaryTable!$A$2:$F$359,5,FALSE) -> 1 | I99: =VLOOKUP(A99,[1]SummaryTable!$A$2:$F$359,6,FALSE) -> 0 | J99: =IF(I99>0.1,[2]Processes!$A$6,[2]Processes!$A$5) -> Sawmal | K99: =IF(G99>$N$1,$A99&"L"&K$1,"-") -> - | L99: =IF(K99="-","-",$A99) -> - | M99: =IF(L99="-","-","Heatpl") -> - | N99: =IF(M99="-",0,G99) -> 0 | O99: =IF(G99*I99>$N$1,$A99&"L"&O$1,"-") -> - | P99: =IF(O99="-","-",A99) -> - | Q99: =IF(P99="-","-","CHPpl_") -> - | R99: =IF(Q99="-",0,G99*I99) -> 0 | S99: =IF(G99>$N$1,$A99&"L"&S$1,"-") -> - | T99: =IF(S99="-","-",$A99) -> - | U99: =IF(T99="-","-","TerHea") -> - | V99: =IF(U99="-",0,9999) -> 0 | W99: =VLOOKUP(A99,[1]SummaryTable!$A$2:$F$359,4,FALSE) -> 51.8
A100: H230 | B100: =A100 -> H230 | C100: 14 | D100: 23 | E100: =VLOOKUP(A100,[1]SummaryTable!$A$2:$F$359,2,FALSE) -> 6467420.8 | F100: =VLOOKUP(A100,[1]SummaryTable!$A$2:$F$359,3,FALSE) -> 321004.39 | G100: =1.2*W100 -> 61.272523 | H100: =VLOOKUP(A100,[1]SummaryTable!$A$2:$F$359,5,FALSE) -> 1 | I100: =VLOOKUP(A100,[1]SummaryTable!$A$2:$F$359,6,FALSE) -> 0 | J100: =IF(I100>0.1,[2]Processes!$A$6,[2]Processes!$A$5) -> Sawmal | K100: =IF(G100>$N$1,$A100&"L"&K$1,"-") -> - | L100: =IF(K100="-","-",$A100) -> - | M100: =IF(L100="-","-","Heatpl") -> - | N100: =IF(M100="-",0,G100) -> 0 | O100: =IF(G100*I100>$N$1,$A100&"L"&O$1,"-") -> - | P100: =IF(O100="-","-",A100) -> - | Q100: =IF(P100="-","-","CHPpl_") -> - | R100: =IF(Q100="-",0,G100*I100) -> 0 | S100: =IF(G100>$N$1,$A100&"L"&S$1,"-") -> - | T100: =IF(S100="-","-",$A100) -> - | U100: =IF(T100="-","-","TerHea") -> - | V100: =IF(U100="-",0,9999) -> 0 | W100: =VLOOKUP(A100,[1]SummaryTable!$A$2:$F$359,4,FALSE) -> 51.060436
A101: H202 | B101: =A101 -> H202 | C101: 4 | D101: 12 | E101: =VLOOKUP(A101,[1]SummaryTable!$A$2:$F$359,2,FALSE) -> 6539363.1 | F101: =VLOOKUP(A101,[1]SummaryTable!$A$2:$F$359,3,FALSE) -> 569401.83 | G101: =1.2*W101 -> 59.879952 | H101: =VLOOKUP(A101,[1]SummaryTable!$A$2:$F$359,5,FALSE) -> 0.92667489 | I101: =VLOOKUP(A101,[1]SummaryTable!$A$2:$F$359,6,FALSE) -> 0.073325106 | J101: =IF(I101>0.1,[2]Processes!$A$6,[2]Processes!$A$5) -> Sawmal | K101: =IF(G101>$N$1,$A101&"L"&K$1,"-") -> - | L101: =IF(K101="-","-",$A101) -> - | M101: =IF(L101="-","-","Heatpl") -> - | N101: =IF(M101="-",0,G101) -> 0 | O101: =IF(G101*I101>$N$1,$A101&"L"&O$1,"-") -> - | P101: =IF(O101="-","-",A101) -> - | Q101: =IF(P101="-","-","CHPpl_") -> - | R101: =IF(Q101="-",0,G101*I101) -> 0 | S101: =IF(G101>$N$1,$A101&"L"&S$1,"-") -> - | T101: =IF(S101="-","-",$A101) -> - | U101: =IF(T101="-","-","TerHea") -> - | V101: =IF(U101="-",0,9999) -> 0 | W101: =VLOOKUP(A101,[1]SummaryTable!$A$2:$F$359,4,FALSE) -> 49.89996
A102: H180 | B102: =A102 -> H180 | C102: 4 | D102: 12 | E102: =VLOOKUP(A102,[1]SummaryTable!$A$2:$F$359,2,FALSE) -> 6582933.1 | F102: =VLOOKUP(A102,[1]SummaryTable!$A$2:$F$359,3,FALSE) -> 615148.42 | G102: =1.2*W102 -> 59.61204 | H102: =VLOOKUP(A102,[1]SummaryTable!$A$2:$F$359,5,FALSE) -> 0.92862955 | I102: =VLOOKUP(A102,[1]SummaryTable!$A$2:$F$359,6,FALSE) -> 0.071370454 | J102: =IF(I102>0.1,[2]Processes!$A$6,[2]Processes!$A$5) -> Sawmal | K102: =IF(G102>$N$1,$A102&"L"&K$1,"-") -> - | L102: =IF(K102="-","-",$A102) -> - | M102: =IF(L102="-","-","Heatpl") -> - | N102: =IF(M102="-",0,G102) -> 0 | O102: =IF(G102*I102>$N$1,$A102&"L"&O$1,"-") -> - | P102: =IF(O102="-","-",A102) -> - | Q102: =IF(P102="-","-","CHPpl_") -> - | R102: =IF(Q102="-",0,G102*I102) -> 0 | S102: =IF(G102>$N$1,$A102&"L"&S$1,"-") -> - | T102: =IF(S102="-","-",$A102) -> - | U102: =IF(T102="-","-","TerHea") -> - | V102: =IF(U102="-",0,9999) -> 0 | W102: =VLOOKUP(A102,[1]SummaryTable!$A$2:$F$359,4,FALSE) -> 49.6767
... A360: H93 | B360: =A360 -> H93 | C360: 22 | D360: 12 | E360: =VLOOKUP(A360,[1]SummaryTable!$A$2:$F$359,2,FALSE) -> 6930823.5 | F360: =VLOOKUP(A360,[1]SummaryTable!$A$2:$F$359,3,FALSE) -> 620154.75 | G360: =1.2*W360 -> 0 | H360: =VLOOKUP(A360,[1]SummaryTable!$A$2:$F$359,5,FALSE) -> 0 | I360: =VLOOKUP(A360,[1]SummaryTable!$A$2:$F$359,6,FALSE) -> 1 | J360: =IF(I360>0.1,[2]Processes!$A$6,[2]Processes!$A$5) -> Heatpl | K360: =IF(G360>$N$1,$A360&"L"&K$1,"-") -> - | L360: =IF(K360="-","-",$A360) -> - | M360: =IF(L360="-","-","Heatpl") -> - | N360: =IF(M360="-",0,G360) -> 0 | O360: =IF(G360*I360>$N$1,$A360&"L"&O$1,"-") -> - | P360: =IF(O360="-","-",A360) -> - | Q360: =IF(P360="-","-","CHPpl_") -> - | R360: =IF(Q360="-",0,G360*I360) -> 0 | S360: =IF(G360>$N$1,$A360&"L"&S$1,"-") -> - | T360: =IF(S360="-","-",$A360) -> - | U360: =IF(T360="-","-","TerHea") -> - | V360: =IF(U360="-",0,9999) -> 0 | W360: =VLOOKUP(A360,[1]SummaryTable!$A$2:$F$359,4,FALSE) -> 0
F362: Tot | G362: =SUM(G3:G360) -> 31569.967
F363: CHP | G363: {=MMULT(TRANSPOSE(G3:G360),I3:I360)} -> 8228.3468 | N363: =SUM(N3:N360) -> 25037.048 | R363: =SUM(R3:R360) -> 17480.429 | W363: =SUM(W3:W360) -> 25957.089
F364: Tot > 40000 | G364: =SUMIFS(G3:G360,G3:G360,">40")/G362 -> 0.905541 | N364: =SUMIFS(N3:N360,N3:N360,">40")/N363 -> 1 | R364: =SUM(R4:R361) -> 14900.873
R365: =SUMIFS(R4:R361,R4:R361,">40")/R364 -> 1

Sheet SawMills
A1: Location | B1: Facility | C1: County | D1: NUTS2 | E1: GpsNorth | F1: GPSEast | G1: Production_sawn_wood_m3 | H1: 1 | I1: Type | J1: Capacity | K1: 2 | L1: Type | M1: Capacity | N1: 3 | O1: Type | P1: Capacity | Q1: 4 | R1: Type | S1: Capacity
A2: S103 | B2: =A2 -> S103 | C2: 23 | D2: 12 | E2: 7054802.8 | F2: 509821.01 | G2: 35 | H2: =IF(OR(G2>$G$165,I2="sawmbe"),$A2&"L"&H$1,"-") -> - | I2: sawmal | J2: =IF(H2="-",0,G2*J$164) -> 0 | K2: =IF(H2="-","-",$A2&"L"&K$1) -> - | L2: =IF(I2="sawmal","TerTal",IF(I2="sawmpi","TerTpi",IF(I2="sawmsp","TerTsp",""))) -> TerTal | M2: 9999 | N2: =IF(K2="-","-",$A2&"L"&N$1) -> - | O2: =IF(N2="-","-","TerHea") -> - | P2: 9999 | Q2: =IF(N2="-","-","-") -> - | R2: =IF(Q2="-","-","sawmbe") -> - | S2: =IF(Q2="-",0,MIN(G2*$J$164,1)) -> 0
A3: S104 | B3: =A3 -> S104 | C3: 6 | D3: 21 | E3: 6403975.7 | F3: 429989.62 | G3: 150 | H3: =IF(OR(G3>$G$165,I3="sawmbe"),$A3&"L"&H$1,"-") -> S104L1 | I3: sawmal | J3: =IF(H3="-",0,G3*J$164) -> 150 | K3: =IF(H3="-","-",$A3&"L"&K$1) -> S104L2 | L3: =IF(I3="sawmal","TerTal",IF(I3="sawmpi","TerTpi",IF(I3="sawmsp","TerTsp",""))) -> TerTal | M3: 9999 | N3: =IF(K3="-","-",$A3&"L"&N$1) -> S104L3 | O3: =IF(N3="-","-","TerHea") -> TerHea | P3: 9999 | Q3: =IF(N3="-","-","-") -> - | R3: =IF(Q3="-","-","sawmbe") -> - | S3: =IF(Q3="-",0,MIN(G3*$J$164,1)) -> 0
A4: S109 | B4: =A4 -> S109 | C4: 6 | D4: 21 | E4: 6365090.5 | F4: 504481.74 | G4: 110 | H4: =IF(OR(G4>$G$165,I4="sawmbe"),$A4&"L"&H$1,"-") -> S109L1 | I4: sawmal | J4: =IF(H4="-",0,G4*J$164) -> 110 | K4: =IF(H4="-","-",$A4&"L"&K$1) -> S109L2 | L4: =IF(I4="sawmal","TerTal",IF(I4="sawmpi","TerTpi",IF(I4="sawmsp","TerTsp",""))) -> TerTal | M4: 9999 | N4: =IF(K4="-","-",$A4&"L"&N$1) -> S109L3 | O4: =IF(N4="-","-","TerHea") -> TerHea | P4: 9999 | Q4: =IF(N4="-","-","-") -> - | R4: =IF(Q4="-","-","sawmbe") -> - | S4: =IF(Q4="-",0,MIN(G4*$J$164,1)) -> 0
A5: S11 | B5: =A5 -> S11 | C5: 8 | D5: 21 | E5: 6305533.6 | F5: 564851.98 | G5: 37.5 | H5: =IF(OR(G5>$G$165,I5="sawmbe"),$A5&"L"&H$1,"-") -> - | I5: sawmal | J5: =IF(H5="-",0,G5*J$164) -> 0 | K5: =IF(H5="-","-",$A5&"L"&K$1) -> - | L5: =IF(I5="sawmal","TerTal",IF(I5="sawmpi","TerTpi",IF(I5="sawmsp","TerTsp",""))) -> TerTal | M5: 9999 | N5: =IF(K5="-","-",$A5&"L"&N$1) -> - | O5: =IF(N5="-","-","TerHea") -> - | P5: 9999 | Q5: =IF(N5="-","-","-") -> - | R5: =IF(Q5="-","-","sawmbe") -> - | S5: =IF(Q5="-",0,MIN(G5*$J$164,1)) -> 0
A6: S113 | B6: =A6 -> S113 | C6: 22 | D6: 12 | E6: 6990964.9 | F6: 662430.51 | G6: 0 | H6: =IF(OR(G6>$G$165,I6="sawmbe"),$A6&"L"&H$1,"-") -> - | I6: sawmpi | J6: =IF(H6="-",0,G6*J$164) -> 0 | K6: =IF(H6="-","-",$A6&"L"&K$1) -> - | L6: =IF(I6="sawmal","TerTal",IF(I6="sawmpi","TerTpi",IF(I6="sawmsp","TerTsp",""))) -> TerTpi | M6: 9999 | N6: =IF(K6="-","-",$A6&"L"&N$1) -> - | O6: =IF(N6="-","-","TerHea") -> - | P6: 9999 | Q6: =IF(N6="-","-","-") -> - | R6: =IF(Q6="-","-","sawmbe") -> - | S6: =IF(Q6="-",0,MIN(G6*$J$164,1)) -> 0
A7: S114 | B7: =A7 -> S114 | C7: 19 | D7: 12 | E7: 6607316.1 | F7: 538703.64 | G7: 320 | H7: =IF(OR(G7>$G$165,I7="sawmbe"),$A7&"L"&H$1,"-") -> S114L1 | I7: sawmal | J7: =IF(H7="-",0,G7*J$164) -> 320 | K7: =IF(H7="-","-",$A7&"L"&K$1) -> S114L2 | L7: =IF(I7="sawmal","TerTal",IF(I7="sawmpi","TerTpi",IF(I7="sawmsp","TerTsp",""))) -> TerTal | M7: 9999 | N7: =IF(K7="-","-",$A7&"L"&N$1) -> S114L3 | O7: =IF(N7="-","-","TerHea") -> TerHea | P7: 9999 | Q7: =IF(N7="-","-","-") -> - | R7: =IF(Q7="-","-","sawmbe") -> - | S7: =IF(Q7="-",0,MIN(G7*$J$164,1)) -> 0
A8: S115 | B8: =A8 -> S115 | C8: 18 | D8: 12 | E8: 6550449.7 | F8: 480006.14 | G8: 0 | H8: =IF(OR(G8>$G$165,I8="sawmbe"),$A8&"L"&H$1,"-") -> - | I8: sawmsp | J8: =IF(H8="-",0,G8*J$164) -> 0 | K8: =IF(H8="-","-",$A8&"L"&K$1) -> - | L8: =IF(I8="sawmal","TerTal",IF(I8="sawmpi","TerTpi",IF(I8="sawmsp","TerTsp",""))) -> TerTsp | M8: 9999 | N8: =IF(K8="-","-",$A8&"L"&N$1) -> - | O8: =IF(N8="-","-","TerHea") -> - | P8: 9999 | Q8: =IF(N8="-","-","-") -> - | R8: =IF(Q8="-","-","sawmbe") -> - | S8: =IF(Q8="-",0,MIN(G8*$J$164,1)) -> 0
A9: S116 | B9: =A9 -> S116 | C9: 8 | D9: 21 | E9: 6283573.9 | F9: 535287.88 | G9: 100 | H9: =IF(OR(G9>$G$165,I9="sawmbe"),$A9&"L"&H$1,"-") -> S116L1 | I9: sawmal | J9: =IF(H9="-",0,G9*J$164) -> 100 | K9: =IF(H9="-","-",$A9&"L"&K$1) -> S116L2 | L9: =IF(I9="sawmal","TerTal",IF(I9="sawmpi","TerTpi",IF(I9="sawmsp","TerTsp",""))) -> TerTal | M9: 9999 | N9: =IF(K9="-","-",$A9&"L"&N$1) -> S116L3 | O9: =IF(N9="-","-","TerHea") -> TerHea | P9: 9999 | Q9: =IF(N9="-","-","-") -> - | R9: =IF(Q9="-","-","sawmbe") -> - | S9: =IF(Q9="-",0,MIN(G9*$J$164,1)) -> 0
A10: S12 | B10: =A10 -> S12 | C10: 25 | D10: 33 | E10: 7430157.7 | F10: 847565.1 | G10: 65 | H10: =IF(OR(G10>$G$165,I10="sawmbe"),$A10&"L"&H$1,"-") -> S12L1 | I10: sawmal | J10: =IF(H10="-",0,G10*J$164) -> 65 | K10: =IF(H10="-","-",$A10&"L"&K$1) -> S12L2 | L10: =IF(I10="sawmal","TerTal",IF(I10="sawmpi","TerTpi",IF(I10="sawmsp","TerTsp",""))) -> TerTal | M10: 9999 | N10: =IF(K10="-","-",$A10&"L"&N$1) -> S12L3 | O10: =IF(N10="-","-","TerHea") -> TerHea | P10: 9999 | Q10: =IF(N10="-","-","-") -> - | R10: =IF(Q10="-","-","sawmbe") -> - | S10: =IF(Q10="-",0,MIN(G10*$J$164,1)) -> 0
A11: S121 | B11: =A11 -> S121 | C11: 23 | D11: 12 | E11: 6962674.1 | F11: 473192.35 | G11: 340 | H11: =IF(OR(G11>$G$165,I11="sawmbe"),$A11&"L"&H$1,"-") -> S121L1 | I11: sawmsp | J11: =IF(H11="-",0,G11*J$164) -> 340 | K11: =IF(H11="-","-",$A11&"L"&K$1) -> S121L2 | L11: =IF(I11="sawmal","TerTal",IF(I11="sawmpi","TerTpi",IF(I11="sawmsp","TerTsp",""))) -> TerTsp | M11: 9999 | N11: =IF(K11="-","-",$A11&"L"&N$1) -> S121L3 | O11: =IF(N11="-","-","TerHea") -> TerHea | P11: 9999 | Q11: =IF(N11="-","-","-") -> - | R11: =IF(Q11="-","-","sawmbe") -> - | S11: =IF(Q11="-",0,MIN(G11*$J$164,1)) -> 0
A12: S124 | B12: =A12 -> S124 | C12: 20 | D12: 31 | E12: 6779532.8 | F12: 454078.18 | G12: 125 | H12: =IF(OR(G12>$G$165,I12="sawmbe"),$A12&"L"&H$1,"-") -> S124L1 | I12: sawmal | J12: =IF(H12="-",0,G12*J$164) -> 125 | K12: =IF(H12="-","-",$A12&"L"&K$1) -> S124L2 | L12: =IF(I12="sawmal","TerTal",IF(I12="sawmpi","TerTpi",IF(I12="sawmsp","TerTsp",""))) -> TerTal | M12: 9999 | N12: =IF(K12="-","-",$A12&"L"&N$1) -> S124L3 | O12: =IF(N12="-","-","TerHea") -> TerHea | P12: 9999 | Q12: =IF(N12="-","-","-") -> - | R12: =IF(Q12="-","-","sawmbe") -> - | S12: =IF(Q12="-",0,MIN(G12*$J$164,1)) -> 0
A13: S125 | B13: =A13 -> S125 | C13: 19 | D13: 12 | E13: 6599957.5 | F13: 563410.66 | G13: 550 | H13: =IF(OR(G13>$G$165,I13="sawmbe"),$A13&"L"&H$1,"-") -> S125L1 | I13: sawmsp | J13: =IF(H13="-",0,G13*J$164) -> 550 | K13: =IF(H13="-","-",$A13&"L"&K$1) -> S125L2 | L13: =IF(I13="sawmal","TerTal",IF(I13="sawmpi","TerTpi",IF(I13="sawmsp","TerTsp",""))) -> TerTsp | M13: 9999 | N13: =IF(K13="-","-",$A13&"L"&N$1) -> S125L3 | O13: =IF(N13="-","-","TerHea") -> TerHea | P13: 9999 | Q13: =IF(N13="-","-","-") -> - | R13: =IF(Q13="-","-","sawmbe") -> - | S13: =IF(Q13="-",0,MIN(G13*$J$164,1)) -> 0
... A28: S180 | B28: =A28 -> S180 | C28: 23 | D28: 12 | E28: 6975217.5 | F28: 511698.52 | G28: 60 | H28: =IF(OR(G28>$G$165,I28="sawmbe"),$A28&"L"&H$1,"-") -> S180L1 | I28: sawmal | J28: =IF(H28="-",0,G28*J$164) -> 60 | K28: =IF(H28="-","-",$A28&"L"&K$1) -> S180L2 | L28: =IF(I28="sawmal","TerTal",IF(I28="sawmpi","TerTpi",IF(I28="sawmsp","TerTsp",""))) -> TerTal | M28: 9999 | N28: =IF(K28="-","-",$A28&"L"&N$1) -> S180L3 | O28: =IF(N28="-","-","TerHea") -> TerHea | P28: 9999 | Q28: =IF(N28="-","-","-") -> - | R28: =IF(Q28="-","-","sawmbe") -> - | S28: =IF(Q28="-",0,MIN(G28*$J$164,1)) -> 0
A29: S181 | B29: =A29 -> S181 | C29: 8 | D29: 21 | E29: 6299599.3 | F29: 545401.97 | G29: 190 | H29: =IF(OR(G29>$G$165,I29="sawmbe"),$A29&"L"&H$1,"-") -> S181L1 | I29: sawmsp | J29: =IF(H29="-",0,G29*J$164) -> 190 | K29: =IF(H29="-","-",$A29&"L"&K$1) -> S181L2 | L29: =IF(I29="sawmal","TerTal",IF(I29="sawmpi","TerTpi",IF(I29="sawmsp","TerTsp",""))) -> TerTsp | M29: 9999 | N29: =IF(K29="-","-",$A29&"L"&N$1) -> S181L3 | O29: =IF(N29="-","-","TerHea") -> TerHea | P29: 9999 | Q29: =IF(N29="-","-",$A29&"L"&Q$1) -> S181L4 | R29: =IF(Q29="-","-","sawmbe") -> sawmbe | S29: =IF(Q29="-",0,MIN(G29*$J$164,1)) -> 1
A30: S187 | B30: =A30 -> S187 | C30: 5 | D30: 12 | E30: 6454634.1 | F30: 504968.9 | G30: 37.5 | H30: =IF(OR(G30>$G$165,I30="sawmbe"),$A30&"L"&H$1,"-") -> - | I30: sawmal | J30: =IF(H30="-",0,G30*J$164) -> 0 | K30: =IF(H30="-","-",$A30&"L"&K$1) -> - | L30: =IF(I30="sawmal","TerTal",IF(I30="sawmpi","TerTpi",IF(I30="sawmsp","TerTsp",""))) -> TerTal | M30: 9999 | N30: =IF(K30="-","-",$A30&"L"&N$1) -> - | O30: =IF(N30="-","-","TerHea") -> - | P30: 9999 | Q30: =IF(N30="-","-","-") -> - | R30: =IF(Q30="-","-","sawmbe") -> - | S30: =IF(Q30="-",0,MIN(G30*$J$164,1)) -> 0
A31: S192 | B31: =A31 -> S192 | C31: 17 | D31: 31 | E31: 6728093.6 | F31: 387542.06 | G31: 420 | H31: =IF(OR(G31>$G$165,I31="sawmbe"),$A31&"L"&H$1,"-") -> S192L1 | I31: sawmal | J31: =IF(H31="-",0,G31*J$164) -> 420 | K31: =IF(H31="-","-",$A31&"L"&K$1) -> S192L2 | L31: =IF(I31="sawmal","TerTal",IF(I31="sawmpi","TerTpi",IF(I31="sawmsp","TerTsp",""))) -> TerTal | M31: 9999 | N31: =IF(K31="-","-",$A31&"L"&N$1) -> S192L3 | O31: =IF(N31="-","-","TerHea") -> TerHea | P31: 9999 | Q31: =IF(N31="-","-","-") -> - | R31: =IF(Q31="-","-","sawmbe") -> - | S31: =IF(Q31="-",0,MIN(G31*$J$164,1)) -> 0
A32: S194 | B32: =A32 -> S194 | C32: 6 | D32: 21 | E32: 6352250.3 | F32: 526377.45 | G32: 400 | H32: =IF(OR(G32>$G$165,I32="sawmbe"),$A32&"L"&H$1,"-") -> S194L1 | I32: sawmsp | J32: =IF(H32="-",0,G32*J$164) -> 400 | K32: =IF(H32="-","-",$A32&"L"&K$1) -> S194L2 | L32: =IF(I32="sawmal","TerTal",IF(I32="sawmpi","TerTpi",IF(I32="sawmsp","TerTsp",""))) -> TerTsp | M32: 9999 | N32: =IF(K32="-","-",$A32&"L"&N$1) -> S194L3 | O32: =IF(N32="-","-","TerHea") -> TerHea | P32: 9999 | Q32: =IF(N32="-","-","-") -> - | R32: =IF(Q32="-","-","sawmbe") -> - | S32: =IF(Q32="-",0,MIN(G32*$J$164,1)) -> 0
A33: S197 | B33: =A33 -> S197 | C33: 13 | D33: 23 | E33: 6303731.2 | F33: 359156.57 | G33: 144 | H33: =IF(OR(G33>$G$165,I33="sawmbe"),$A33&"L"&H$1,"-") -> S197L1 | I33: sawmpi | J33: =IF(H33="-",0,G33*J$164) -> 144 | K33: =IF(H33="-","-",$A33&"L"&K$1) -> S197L2 | L33: =IF(I33="sawmal","TerTal",IF(I33="sawmpi","TerTpi",IF(I33="sawmsp","TerTsp",""))) -> TerTpi | M33: 9999 | N33: =IF(K33="-","-",$A33&"L"&N$1) -> S197L3 | O33: =IF(N33="-","-","TerHea") -> TerHea | P33: 9999 | Q33: =IF(N33="-","-","-") -> - | R33: =IF(Q33="-","-","sawmbe") -> - | S33: =IF(Q33="-",0,MIN(G33*$J$164,1)) -> 0
A34: S200 | B34: =A34 -> S200 | C34: 6 | D34: 21 | E34: 6369930.5 | F34: 502059.63 | G34: 125 | H34: =IF(OR(G34>$G$165,I34="sawmbe"),$A34&"L"&H$1,"-") -> S200L1 | I34: sawmal | J34: =IF(H34="-",0,G34*J$164) -> 125 | K34: =IF(H34="-","-",$A34&"L"&K$1) -> S200L2 | L34: =IF(I34="sawmal","TerTal",IF(I34="sawmpi","TerTpi",IF(I34="sawmsp","TerTsp",""))) -> TerTal | M34: 9999 | N34: =IF(K34="-","-",$A34&"L"&N$1) -> S200L3 | O34: =IF(N34="-","-","TerHea") -> TerHea | P34: 9999 | Q34: =IF(N34="-","-","-") -> - | R34: =IF(Q34="-","-","sawmbe") -> - | S34: =IF(Q34="-",0,MIN(G34*$J$164,1)) -> 0
A35: S202 | B35: =A35 -> S202 | C35: 19 | D35: 12 | E35: 6633090.1 | F35: 538195.8 | G35: 55 | H35: =IF(OR(G35>$G$165,I35="sawmbe"),$A35&"L"&H$1,"-") -> S202L1 | I35: sawmpi | J35: =IF(H35="-",0,G35*J$164) -> 55 | K35: =IF(H35="-","-",$A35&"L"&K$1) -> S202L2 | L35: =IF(I35="sawmal","TerTal",IF(I35="sawmpi","TerTpi",IF(I35="sawmsp","TerTsp",""))) -> TerTpi | M35: 9999 | N35: =IF(K35="-","-",$A35&"L"&N$1) -> S202L3 | O35: =IF(N35="-","-","TerHea") -> TerHea | P35: 9999 | Q35: =IF(N35="-","-","-") -> - | R35: =IF(Q35="-","-","sawmbe") -> - | S35: =IF(Q35="-",0,MIN(G35*$J$164,1)) -> 0
A36: S203 | B36: =A36 -> S203 | C36: 24 | D36: 33 | E36: 7054087.1 | F36: 717882.08 | G36: 0 | H36: =IF(OR(G36>$G$165,I36="sawmbe"),$A36&"L"&H$1,"-") -> - | I36: sawmpi | J36: =IF(H36="-",0,G36*J$164) -> 0 | K36: =IF(H36="-","-",$A36&"L"&K$1) -> - | L36: =IF(I36="sawmal","TerTal",IF(I36="sawmpi","TerTpi",IF(I36="sawmsp","TerTsp",""))) -> TerTpi | M36: 9999 | N36: =IF(K36="-","-",$A36&"L"&N$1) -> - | O36: =IF(N36="-","-","TerHea") -> - | P36: 9999 | Q36: =IF(N36="-","-","-") -> - | R36: =IF(Q36="-","-","sawmbe") -> - | S36: =IF(Q36="-",0,MIN(G36*$J$164,1)) -> 0
A37: S207 | B37: =A37 -> S207 | C37: 14 | D37: 23 | E37: 6558431 | F37: 317960.37 | G37: 45 | H37: =IF(OR(G37>$G$165,I37="sawmbe"),$A37&"L"&H$1,"-") -> - | I37: sawmal | J37: =IF(H37="-",0,G37*J$164) -> 0 | K37: =IF(H37="-","-",$A37&"L"&K$1) -> - | L37: =IF(I37="sawmal","TerTal",IF(I37="sawmpi","TerTpi",IF(I37="sawmsp","TerTsp",""))) -> TerTal | M37: 9999 | N37: =IF(K37="-","-",$A37&"L"&N$1) -> - | O37: =IF(N37="-","-","TerHea") -> - | P37: 9999 | Q37: =IF(N37="-","-","-") -> - | R37: =IF(Q37="-","-","sawmbe") -> - | S37: =IF(Q37="-",0,MIN(G37*$J$164,1)) -> 0
A38: S214 | B38: =A38 -> S214 | C38: 20 | D38: 31 | E38: 6781524.6 | F38: 507134.63 | G38: 30 | H38: =IF(OR(G38>$G$165,I38="sawmbe"),$A38&"L"&H$1,"-") -> - | I38: sawmal | J38: =IF(H38="-",0,G38*J$164) -> 0 | K38: =IF(H38="-","-",$A38&"L"&K$1) -> - | L38: =IF(I38="sawmal","TerTal",IF(I38="sawmpi","TerTpi",IF(I38="sawmsp","TerTsp",""))) -> TerTal | M38: 9999 | N38: =IF(K38="-","-",$A38&"L"&N$1) -> - | O38: =IF(N38="-","-","TerHea") -> - | P38: 9999 | Q38: =IF(N38="-","-","-") -> - | R38: =IF(Q38="-","-","sawmbe") -> - | S38: =IF(Q38="-",0,MIN(G38*$J$164,1)) -> 0
A39: S216 | B39: =A39 -> S216 | C39: 17 | D39: 31 | E39: 6585612 | F39: 398726.4 | G39: 270 | H39: =IF(OR(G39>$G$165,I39="sawmbe"),$A39&"L"&H$1,"-") -> S216L1 | I39: sawmpi | J39: =IF(H39="-",0,G39*J$164) -> 270 | K39: =IF(H39="-","-",$A39&"L"&K$1) -> S216L2 | L39: =IF(I39="sawmal","TerTal",IF(I39="sawmpi","TerTpi",IF(I39="sawmsp","TerTsp",""))) -> TerTpi | M39: 9999 | N39: =IF(K39="-","-",$A39&"L"&N$1) -> S216L3 | O39: =IF(N39="-","-","TerHea") -> TerHea | P39: 9999 | Q39: =IF(N39="-","-",$A39&"L"&Q$1) -> S216L4 | R39: =IF(Q39="-","-","sawmbe") -> sawmbe | S39: =IF(Q39="-",0,MIN(G39*$J$164,1)) -> 1
A40: S220 | B40: =A40 -> S220 | C40: 8 | D40: 21 | E40: 6336608.2 | F40: 562274.67 | G40: 331 | H40: =IF(OR(G40>$G$165,I40="sawmbe"),$A40&"L"&H$1,"-") -> S220L1 | I40: sawmpi | J40: =IF(H40="-",0,G40*J$164) -> 331 | K40: =IF(H40="-","-",$A40&"L"&K$1) -> S220L2 | L40: =IF(I40="sawmal","TerTal",IF(I40="sawmpi","TerTpi",IF(I40="sawmsp","TerTsp",""))) -> TerTpi | M40: 9999 | N40: =IF(K40="-","-",$A40&"L"&N$1) -> S220L3 | O40: =IF(N40="-","-","TerHea") -> TerHea | P40: 9999 | Q40: =IF(N40="-","-","-") -> - | R40: =IF(Q40="-","-","sawmbe") -> - | S40: =IF(Q40="-",0,MIN(G40*$J$164,1)) -> 0
A41: S227 | B41: =A41 -> S227 | C41: 24 | D41: 33 | E41: 7075853.4 | F41: 764249.66 | G41: 60 | H41: =IF(OR(G41>$G$165,I41="sawmbe"),$A41&"L"&H$1,"-") -> S227L1 | I41: sawmsp | J41: =IF(H41="-",0,G41*J$164) -> 60 | K41: =IF(H41="-","-",$A41&"L"&K$1) -> S227L2 | L41: =IF(I41="sawmal","TerTal",IF(I41="sawmpi","TerTpi",IF(I41="sawmsp","TerTsp",""))) -> TerTsp | M41: 9999 | N41: =IF(K41="-","-",$A41&"L"&N$1) -> S227L3 | O41: =IF(N41="-","-","TerHea") -> TerHea | P41: 9999 | Q41: =IF(N41="-","-","-") -> - | R41: =IF(Q41="-","-","sawmbe") -> - | S41: =IF(Q41="-",0,MIN(G41*$J$164,1)) -> 0
A42: S231 | B42: =A42 -> S231 | C42: 20 | D42: 31 | E42: 6727997.5 | F42: 505567.33 | G42: 80 | H42: =IF(OR(G42>$G$165,I42="sawmbe"),$A42&"L"&H$1,"-") -> S231L1 | I42: sawmpi | J42: =IF(H42="-",0,G42*J$164) -> 80 | K42: =IF(H42="-","-",$A42&"L"&K$1) -> S231L2 | L42: =IF(I42="sawmal","TerTal",IF(I42="sawmpi","TerTpi",IF(I42="sawmsp","TerTsp",""))) -> TerTpi | M42: 9999 | N42: =IF(K42="-","-",$A42&"L"&N$1) -> S231L3 | O42: =IF(N42="-","-","TerHea") -> TerHea | P42: 9999 | Q42: =IF(N42="-","-","-") -> - | R42: =IF(Q42="-","-","sawmbe") -> - | S42: =IF(Q42="-",0,MIN(G42*$J$164,1)) -> 0
A43: S232 | B43: =A43 -> S232 | C43: 17 | D43: 31 | E43: 6633071.1 | F43: 339758.16 | G43: 100 | H43: =IF(OR(G43>$G$165,I43="sawmbe"),$A43&"L"&H$1,"-") -> S232L1 | I43: sawmal | J43: =IF(H43="-",0,G43*J$164) -> 100 | K43: =IF(H43="-","-",$A43&"L"&K$1) -> S232L2 | L43: =IF(I43="sawmal","TerTal",IF(I43="sawmpi","TerTpi",IF(I43="sawmsp","TerTsp",""))) -> TerTal | M43: 9999 | N43: =IF(K43="-","-",$A43&"L"&N$1) -> S232L3 | O43: =IF(N43="-","-","TerHea") -> TerHea | P43: 9999 | Q43: =IF(N43="-","-","-") -> - | R43: =IF(Q43="-","-","sawmbe") -> - | S43: =IF(Q43="-",0,MIN(G43*$J$164,1)) -> 0
A44: S239 | B44: =A44 -> S239 | C44: 7 | D44: 21 | E44: 6322427.9 | F44: 473971.27 | G44: 0 | H44: =IF(OR(G44>$G$165,I44="sawmbe"),$A44&"L"&H$1,"-") -> - | I44: sawmpi | J44: =IF(H44="-",0,G44*J$164) -> 0 | K44: =IF(H44="-","-",$A44&"L"&K$1) -> - | L44: =IF(I44="sawmal","TerTal",IF(I44="sawmpi","TerTpi",IF(I44="sawmsp","TerTsp",""))) -> TerTpi | M44: 9999 | N44: =IF(K44="-","-",$A44&"L"&N$1) -> - | O44: =IF(N44="-","-","TerHea") -> - | P44: 9999 | Q44: =IF(N44="-","-","-") -> - | R44: =IF(Q44="-","-","sawmbe") -> - | S44: =IF(Q44="-",0,MIN(G44*$J$164,1)) -> 0
A45: S244 | B45: =A45 -> S244 | C45: 6 | D45: 21 | E45: 6356980 | F45: 445458.92 | G45: 70 | H45: =IF(OR(G45>$G$165,I45="sawmbe"),$A45&"L"&H$1,"-") -> S244L1 | I45: sawmal | J45: =IF(H45="-",0,G45*J$164) -> 70 | K45: =IF(H45="-","-",$A45&"L"&K$1) -> S244L2 | L45: =IF(I45="sawmal","TerTal",IF(I45="sawmpi","TerTpi",IF(I45="sawmsp","TerTsp",""))) -> TerTal | M45: 9999 | N45: =IF(K45="-","-",$A45&"L"&N$1) -> S244L3 | O45: =IF(N45="-","-","TerHea") -> TerHea | P45: 9999 | Q45: =IF(N45="-","-","-") -> - | R45: =IF(Q45="-","-","sawmbe") -> - | S45: =IF(Q45="-",0,MIN(G45*$J$164,1)) -> 0
A46: S245 | B46: =A46 -> S245 | C46: 9 | D46: 21 | E46: 6364089.5 | F46: 694100.5 | G46: 60 | H46: =IF(OR(G46>$G$165,I46="sawmbe"),$A46&"L"&H$1,"-") -> S245L1 | I46: sawmal | J46: =IF(H46="-",0,G46*J$164) -> 60 | K46: =IF(H46="-","-",$A46&"L"&K$1) -> S245L2 | L46: =IF(I46="sawmal","TerTal",IF(I46="sawmpi","TerTpi",IF(I46="sawmsp","TerTsp",""))) -> TerTal | M46: 9999 | N46: =IF(K46="-","-",$A46&"L"&N$1) -> S245L3 | O46: =IF(N46="-","-","TerHea") -> TerHea | P46: 9999 | Q46: =IF(N46="-","-","-") -> - | R46: =IF(Q46="-","-","sawmbe") -> - | S46: =IF(Q46="-",0,MIN(G46*$J$164,1)) -> 0
A47: S248 | B47: =A47 -> S248 | C47: 17 | D47: 31 | E47: 6667634.1 | F47: 388532.68 | G47: 0 | H47: =IF(OR(G47>$G$165,I47="sawmbe"),$A47&"L"&H$1,"-") -> - | I47: sawmal | J47: =IF(H47="-",0,G47*J$164) -> 0 | K47: =IF(H47="-","-",$A47&"L"&K$1) -> - | L47: =IF(I47="sawmal","TerTal",IF(I47="sawmpi","TerTpi",IF(I47="sawmsp","TerTsp",""))) -> TerTal | M47: 9999 | N47: =IF(K47="-","-",$A47&"L"&N$1) -> - | O47: =IF(N47="-","-","TerHea") -> - | P47: 9999 | Q47: =IF(N47="-","-","-") -> - | R47: =IF(Q47="-","-","sawmbe") -> - | S47: =IF(Q47="-",0,MIN(G47*$J$164,1)) -> 0
A48: S249 | B48: =A48 -> S249 | C48: 22 | D48: 12 | E48: 6932175.4 | F48: 550828.42 | G48: 250 | H48: =IF(OR(G48>$G$165,I48="sawmbe"),$A48&"L"&H$1,"-") -> S249L1 | I48: sawmal | J48: =IF(H48="-",0,G48*J$164) -> 250 | K48: =IF(H48="-","-",$A48&"L"&K$1) -> S249L2 | L48: =IF(I48="sawmal","TerTal",IF(I48="sawmpi","TerTpi",IF(I48="sawmsp","TerTsp",""))) -> TerTal | M48: 9999 | N48: =IF(K48="-","-",$A48&"L"&N$1) -> S249L3 | O48: =IF(N48="-","-","TerHea") -> TerHea | P48: 9999 | Q48: =IF(N48="-","-",$A48&"L"&Q$1) -> S249L4 | R48: =IF(Q48="-","-","sawmbe") -> sawmbe | S48: =IF(Q48="-",0,MIN(G48*$J$164,1)) -> 1
A49: S252 | B49: =A49 -> S252 | C49: 21 | D49: 31 | E49: 6729992 | F49: 622988.99 | G49: 38 | H49: =IF(OR(G49>$G$165,I49="sawmbe"),$A49&"L"&H$1,"-") -> - | I49: sawmal | J49: =IF(H49="-",0,G49*J$164) -> 0 | K49: =IF(H49="-","-",$A49&"L"&K$1) -> - | L49: =IF(I49="sawmal","TerTal",IF(I49="sawmpi","TerTpi",IF(I49="sawmsp","TerTsp",""))) -> TerTal | M49: 9999 | N49: =IF(K49="-","-",$A49&"L"&N$1) -> - | O49: =IF(N49="-","-","TerHea") -> - | P49: 9999 | Q49: =IF(N49="-","-","-") -> - | R49: =IF(Q49="-","-","sawmbe") -> - | S49: =IF(Q49="-",0,MIN(G49*$J$164,1)) -> 0
A50: S254 | B50: =A50 -> S254 | C50: 23 | D50: 12 | E50: 7021940.6 | F50: 472228.64 | G50: 65 | H50: =IF(OR(G50>$G$165,I50="sawmbe"),$A50&"L"&H$1,"-") -> S254L1 | I50: sawmal | J50: =IF(H50="-",0,G50*J$164) -> 65 | K50: =IF(H50="-","-",$A50&"L"&K$1) -> S254L2 | L50: =IF(I50="sawmal","TerTal",IF(I50="sawmpi","TerTpi",IF(I50="sawmsp","TerTsp",""))) -> TerTal | M50: 9999 | N50: =IF(K50="-","-",$A50&"L"&N$1) -> S254L3 | O50: =IF(N50="-","-","TerHea") -> TerHea | P50: 9999 | Q50: =IF(N50="-","-","-") -> - | R50: =IF(Q50="-","-","sawmbe") -> - | S50: =IF(Q50="-",0,MIN(G50*$J$164,1)) -> 0
A51: S255 | B51: =A51 -> S255 | C51: 6 | D51: 21 | E51: 6343774.7 | F51: 474292.36 | G51: 145 | H51: =IF(OR(G51>$G$165,I51="sawmbe"),$A51&"L"&H$1,"-") -> S255L1 | I51: sawmal | J51: =IF(H51="-",0,G51*J$164) -> 145 | K51: =IF(H51="-","-",$A51&"L"&K$1) -> S255L2 | L51: =IF(I51="sawmal","TerTal",IF(I51="sawmpi","TerTpi",IF(I51="sawmsp","TerTsp",""))) -> TerTal | M51: 9999 | N51: =IF(K51="-","-",$A51&"L"&N$1) -> S255L3 | O51: =IF(N51="-","-","TerHea") -> TerHea | P51: 9999 | Q51: =IF(N51="-","-",$A51&"L"&Q$1) -> S255L4 | R51: =IF(Q51="-","-","sawmbe") -> sawmbe | S51: =IF(Q51="-",0,MIN(G51*$J$164,1)) -> 1
A52: S259 | B52: =A52 -> S259 | C52: 20 | D52: 31 | E52: 6666434.8 | F52: 567102 | G52: 85 | H52: =IF(OR(G52>$G$165,I52="sawmbe"),$A52&"L"&H$1,"-") -> S259L1 | I52: sawmsp | J52: =IF(H52="-",0,G52*J$164) -> 85 | K52: =IF(H52="-","-",$A52&"L"&K$1) -> S259L2 | L52: =IF(I52="sawmal","TerTal",IF(I52="sawmpi","TerTpi",IF(I52="sawmsp","TerTsp",""))) -> TerTsp | M52: 9999 | N52: =IF(K52="-","-",$A52&"L"&N$1) -> S259L3 | O52: =IF(N52="-","-","TerHea") -> TerHea | P52: 9999 | Q52: =IF(N52="-","-","-") -> - | R52: =IF(Q52="-","-","sawmbe") -> - | S52: =IF(Q52="-",0,MIN(G52*$J$164,1)) -> 0
A53: S263 | B53: =A53 -> S263 | C53: 24 | D53: 33 | E53: 7104254.2 | F53: 730935.88 | G53: 590 | H53: =IF(OR(G53>$G$165,I53="sawmbe"),$A53&"L"&H$1,"-") -> S263L1 | I53: sawmal | J53: =IF(H53="-",0,G53*J$164) -> 590 | K53: =IF(H53="-","-",$A53&"L"&K$1) -> S263L2 | L53: =IF(I53="sawmal","TerTal",IF(I53="sawmpi","TerTpi",IF(I53="sawmsp","TerTsp",""))) -> TerTal | M53: 9999 | N53: =IF(K53="-","-",$A53&"L"&N$1) -> S263L3 | O53: =IF(N53="-","-","TerHea") -> TerHea | P53: 9999 | Q53: =IF(N53="-","-",$A53&"L"&Q$1) -> S263L4 | R53: =IF(Q53="-","-","sawmbe") -> sawmbe | S53: =IF(Q53="-",0,MIN(G53*$J$164,1)) -> 1
A54: S265 | B54: =A54 -> S265 | C54: 8 | D54: 21 | E54: 6271114.8 | F54: 527180.92 | G54: 220 | H54: =IF(OR(G54>$G$165,I54="sawmbe"),$A54&"L"&H$1,"-") -> S265L1 | I54: sawmpi | J54: =IF(H54="-",0,G54*J$164) -> 220 | K54: =IF(H54="-","-",$A54&"L"&K$1) -> S265L2 | L54: =IF(I54="sawmal","TerTal",IF(I54="sawmpi","TerTpi",IF(I54="sawmsp","TerTsp",""))) -> TerTpi | M54: 9999 | N54: =IF(K54="-","-",$A54&"L"&N$1) -> S265L3 | O54: =IF(N54="-","-","TerHea") -> TerHea | P54: 9999 | Q54: =IF(N54="-","-","-") -> - | R54: =IF(Q54="-","-","sawmbe") -> - | S54: =IF(Q54="-",0,MIN(G54*$J$164,1)) -> 0
A55: S272 | B55: =A55 -> S272 | C55: 21 | D55: 31 | E55: 6794101.6 | F55: 600236.4 | G55: 185 | H55: =IF(OR(G55>$G$165,I55="sawmbe"),$A55&"L"&H$1,"-") -> S272L1 | I55: sawmpi | J55: =IF(H55="-",0,G55*J$164) -> 185 | K55: =IF(H55="-","-",$A55&"L"&K$1) -> S272L2 | L55: =IF(I55="sawmal","TerTal",IF(I55="sawmpi","TerTpi",IF(I55="sawmsp","TerTsp",""))) -> TerTpi | M55: 9999 | N55: =IF(K55="-","-",$A55&"L"&N$1) -> S272L3 | O55: =IF(N55="-","-","TerHea") -> TerHea | P55: 9999 | Q55: =IF(N55="-","-",$A55&"L"&Q$1) -> S272L4 | R55: =IF(Q55="-","-","sawmbe") -> sawmbe | S55: =IF(Q55="-",0,MIN(G55*$J$164,1)) -> 1
A56: S273 | B56: =A56 -> S273 | C56: 7 | D56: 21 | E56: 6279615.8 | F56: 508210.97 | G56: 30 | H56: =IF(OR(G56>$G$165,I56="sawmbe"),$A56&"L"&H$1,"-") -> - | I56: sawmpi | J56: =IF(H56="-",0,G56*J$164) -> 0 | K56: =IF(H56="-","-",$A56&"L"&K$1) -> - | L56: =IF(I56="sawmal","TerTal",IF(I56="sawmpi","TerTpi",IF(I56="sawmsp","TerTsp",""))) -> TerTpi | M56: 9999 | N56: =IF(K56="-","-",$A56&"L"&N$1) -> - | O56: =IF(N56="-","-","TerHea") -> - | P56: 9999 | Q56: =IF(N56="-","-","-") -> - | R56: =IF(Q56="-","-","sawmbe") -> - | S56: =IF(Q56="-",0,MIN(G56*$J$164,1)) -> 0
A57: S276 | B57: =A57 -> S276 | C57: 24 | D57: 33 | E57: 7148608.8 | F57: 765503.68 | G57: 550 | H57: =IF(OR(G57>$G$165,I57="sawmbe"),$A57&"L"&H$1,"-") -> S276L1 | I57: sawmpi | J57: =IF(H57="-",0,G57*J$164) -> 550 | K57: =IF(H57="-","-",$A57&"L"&K$1) -> S276L2 | L57: =IF(I57="sawmal","TerTal",IF(I57="sawmpi","TerTpi",IF(I57="sawmsp","TerTsp",""))) -> TerTpi | M57: 9999 | N57: =IF(K57="-","-",$A57&"L"&N$1) -> S276L3 | O57: =IF(N57="-","-","TerHea") -> TerHea | P57: 9999 | Q57: =IF(N57="-","-",$A57&"L"&Q$1) -> S276L4 | R57: =IF(Q57="-","-","sawmbe") -> sawmbe | S57: =IF(Q57="-",0,MIN(G57*$J$164,1)) -> 1
A58: S28 | B58: =A58 -> S28 | C58: 22 | D58: 12 | E58: 6921773.5 | F58: 524593.35 | G58: 0 | H58: =IF(OR(G58>$G$165,I58="sawmbe"),$A58&"L"&H$1,"-") -> - | I58: sawmal | J58: =IF(H58="-",0,G58*J$164) -> 0 | K58: =IF(H58="-","-",$A58&"L"&K$1) -> - | L58: =IF(I58="sawmal","TerTal",IF(I58="sawmpi","TerTpi",IF(I58="sawmsp","TerTsp",""))) -> TerTal | M58: 9999 | N58: =IF(K58="-","-",$A58&"L"&N$1) -> - | O58: =IF(N58="-","-","TerHea") -> - | P58: 9999 | Q58: =IF(N58="-","-","-") -> - | R58: =IF(Q58="-","-","sawmbe") -> - | S58: =IF(Q58="-",0,MIN(G58*$J$164,1)) -> 0
A59: S287 | B59: =A59 -> S287 | C59: 8 | D59: 21 | E59: 6353088.8 | F59: 551376.59 | G59: 25 | H59: =IF(OR(G59>$G$165,I59="sawmbe"),$A59&"L"&H$1,"-") -> - | I59: sawmpi | J59: =IF(H59="-",0,G59*J$164) -> 0 | K59: =IF(H59="-","-",$A59&"L"&K$1) -> - | L59: =IF(I59="sawmal","TerTal",IF(I59="sawmpi","TerTpi",IF(I59="sawmsp","TerTsp",""))) -> TerTpi | M59: 9999 | N59: =IF(K59="-","-",$A59&"L"&N$1) -> - | O59: =IF(N59="-","-","TerHea") -> - | P59: 9999 | Q59: =IF(N59="-","-","-") -> - | R59: =IF(Q59="-","-","sawmbe") -> - | S59: =IF(Q59="-",0,MIN(G59*$J$164,1)) -> 0
A60: S289 | B60: =A60 -> S289 | C60: 21 | D60: 31 | E60: 6803229.6 | F60: 549417.63 | G60: 237 | H60: =IF(OR(G60>$G$165,I60="sawmbe"),$A60&"L"&H$1,"-") -> S289L1 | I60: sawmsp | J60: =IF(H60="-",0,G60*J$164) -> 237 | K60: =IF(H60="-","-",$A60&"L"&K$1) -> S289L2 | L60: =IF(I60="sawmal","TerTal",IF(I60="sawmpi","TerTpi",IF(I60="sawmsp","TerTsp",""))) -> TerTsp | M60: 9999 | N60: =IF(K60="-","-",$A60&"L"&N$1) -> S289L3 | O60: =IF(N60="-","-","TerHea") -> TerHea | P60: 9999 | Q60: =IF(N60="-","-","-") -> - | R60: =IF(Q60="-","-","sawmbe") -> - | S60: =IF(Q60="-",0,MIN(G60*$J$164,1)) -> 0
A61: S29 | B61: =A61 -> S29 | C61: 12 | D61: 22 | E61: 6238755.4 | F61: 433681.05 | G61: 291 | H61: =IF(OR(G61>$G$165,I61="sawmbe"),$A61&"L"&H$1,"-") -> S29L1 | I61: sawmpi | J61: =IF(H61="-",0,G61*J$164) -> 291 | K61: =IF(H61="-","-",$A61&"L"&K$1) -> S29L2 | L61: =IF(I61="sawmal","TerTal",IF(I61="sawmpi","TerTpi",IF(I61="sawmsp","TerTsp",""))) -> TerTpi | M61: 9999 | N61: =IF(K61="-","-",$A61&"L"&N$1) -> S29L3 | O61: =IF(N61="-","-","TerHea") -> TerHea | P61: 9999 | Q61: =IF(N61="-","-","-") -> - | R61: =IF(Q61="-","-","sawmbe") -> - | S61: =IF(Q61="-",0,MIN(G61*$J$164,1)) -> 0
A62: S291 | B62: =A62 -> S291 | C62: 6 | D62: 21 | E62: 6388896.2 | F62: 516070.85 | G62: 332 | H62: =IF(OR(G62>$G$165,I62="sawmbe"),$A62&"L"&H$1,"-") -> S291L1 | I62: sawmpi | J62: =IF(H62="-",0,G62*J$164) -> 332 | K62: =IF(H62="-","-",$A62&"L"&K$1) -> S291L2 | L62: =IF(I62="sawmal","TerTal",IF(I62="sawmpi","TerTpi",IF(I62="sawmsp","TerTsp",""))) -> TerTpi | M62: 9999 | N62: =IF(K62="-","-",$A62&"L"&N$1) -> S291L3 | O62: =IF(N62="-","-","TerHea") -> TerHea | P62: 9999 | Q62: =IF(N62="-","-",$A62&"L"&Q$1) -> S291L4 | R62: =IF(Q62="-","-","sawmbe") -> sawmbe | S62: =IF(Q62="-",0,MIN(G62*$J$164,1)) -> 1
A63: S293 | B63: =A63 -> S293 | C63: 25 | D63: 33 | E63: 7472484.9 | F63: 827801.75 | G63: 80 | H63: =IF(OR(G63>$G$165,I63="sawmbe"),$A63&"L"&H$1,"-") -> S293L1 | I63: sawmsp | J63: =IF(H63="-",0,G63*J$164) -> 80 | K63: =IF(H63="-","-",$A63&"L"&K$1) -> S293L2 | L63: =IF(I63="sawmal","TerTal",IF(I63="sawmpi","TerTpi",IF(I63="sawmsp","TerTsp",""))) -> TerTsp | M63: 9999 | N63: =IF(K63="-","-",$A63&"L"&N$1) -> S293L3 | O63: =IF(N63="-","-","TerHea") -> TerHea | P63: 9999 | Q63: =IF(N63="-","-",$A63&"L"&Q$1) -> S293L4 | R63: =IF(Q63="-","-","sawmbe") -> sawmbe | S63: =IF(Q63="-",0,MIN(G63*$J$164,1)) -> 1
A64: S295 | B64: =A64 -> S295 | C64: 3 | D64: 12 | E64: 6656786 | F64: 641644.85 | G64: 20 | H64: =IF(OR(G64>$G$165,I64="sawmbe"),$A64&"L"&H$1,"-") -> - | I64: sawmal | J64: =IF(H64="-",0,G64*J$164) -> 0 | K64: =IF(H64="-","-",$A64&"L"&K$1) -> - | L64: =IF(I64="sawmal","TerTal",IF(I64="sawmpi","TerTpi",IF(I64="sawmsp","TerTsp",""))) -> TerTal | M64: 9999 | N64: =IF(K64="-","-",$A64&"L"&N$1) -> - | O64: =IF(N64="-","-","TerHea") -> - | P64: 9999 | Q64: =IF(N64="-","-","-") -> - | R64: - | S64: =IF(Q64="-",0,MIN(G64*$J$164,20)) -> 0
A65: S30 | B65: =A65 -> S30 | C65: 3 | D65: 12 | E65: 6646338 | F65: 603177.67 | G65: 240 | H65: =IF(OR(G65>$G$165,I65="sawmbe"),$A65&"L"&H$1,"-") -> S30L1 | I65: sawmal | J65: =IF(H65="-",0,G65*J$164) -> 240 | K65: =IF(H65="-","-",$A65&"L"&K$1) -> S30L2 | L65: =IF(I65="sawmal","TerTal",IF(I65="sawmpi","TerTpi",IF(I65="sawmsp","TerTsp",""))) -> TerTal | M65: 9999 | N65: =IF(K65="-","-",$A65&"L"&N$1) -> S30L3 | O65: =IF(N65="-","-","TerHea") -> TerHea | P65: 9999 | Q65: =IF(N65="-","-",$A65&"L"&Q$1) -> S30L4 | R65: =IF(Q65="-","-","sawmbe") -> sawmbe | S65: =IF(Q65="-",0,MIN(G65*$J$164,1)) -> 1
A66: S31 | B66: =A66 -> S31 | C66: 5 | D66: 12 | E66: 6442612 | F66: 525450.62 | G66: 145 | H66: =IF(OR(G66>$G$165,I66="sawmbe"),$A66&"L"&H$1,"-") -> S31L1 | I66: sawmal | J66: =IF(H66="-",0,G66*J$164) -> 145 | K66: =IF(H66="-","-",$A66&"L"&K$1) -> S31L2 | L66: =IF(I66="sawmal","TerTal",IF(I66="sawmpi","TerTpi",IF(I66="sawmsp","TerTsp",""))) -> TerTal | M66: 9999 | N66: =IF(K66="-","-",$A66&"L"&N$1) -> S31L3 | O66: =IF(N66="-","-","TerHea") -> TerHea | P66: 9999 | Q66: =IF(N66="-","-","-") -> - | R66: =IF(Q66="-","-","sawmbe") -> - | S66: =IF(Q66="-",0,MIN(G66*$J$164,1)) -> 0
A67: S310 | B67: =A67 -> S310 | C67: 5 | D67: 12 | E67: 6478256.3 | F67: 544962.69 | G67: 345 | H67: =IF(OR(G67>$G$165,I67="sawmbe"),$A67&"L"&H$1,"-") -> S310L1 | I67: sawmal | J67: =IF(H67="-",0,G67*J$164) -> 345 | K67: =IF(H67="-","-",$A67&"L"&K$1) -> S310L2 | L67: =IF(I67="sawmal","TerTal",IF(I67="sawmpi","TerTpi",IF(I67="sawmsp","TerTsp",""))) -> TerTal | M67: 9999 | N67: =IF(K67="-","-",$A67&"L"&N$1) -> S310L3 | O67: =IF(N67="-","-","TerHea") -> TerHea | P67: 9999 | Q67: =IF(N67="-","-","-") -> - | R67: =IF(Q67="-","-","sawmbe") -> - | S67: =IF(Q67="-",0,MIN(G67*$J$164,1)) -> 0
A68: S314 | B68: =A68 -> S314 | C68: 8 | D68: 21 | E68: 6328853.2 | F68: 592751.43 | G68: 155 | H68: =IF(OR(G68>$G$165,I68="sawmbe"),$A68&"L"&H$1,"-") -> S314L1 | I68: sawmal | J68: =IF(H68="-",0,G68*J$164) -> 155 | K68: =IF(H68="-","-",$A68&"L"&K$1) -> S314L2 | L68: =IF(I68="sawmal","TerTal",IF(I68="sawmpi","TerTpi",IF(I68="sawmsp","TerTsp",""))) -> TerTal | M68: 9999 | N68: =IF(K68="-","-",$A68&"L"&N$1) -> S314L3 | O68: =IF(N68="-","-","TerHea") -> TerHea | P68: 9999 | Q68: =IF(N68="-","-","-") -> - | R68: =IF(Q68="-","-","sawmbe") -> - | S68: =IF(Q68="-",0,MIN(G68*$J$164,1)) -> 0
A69: S315 | B69: =A69 -> S315 | C69: 25 | D69: 33 | E69: 7266929.7 | F69: 790406.74 | G69: 290 | H69: =IF(OR(G69>$G$165,I69="sawmbe"),$A69&"L"&H$1,"-") -> S315L1 | I69: sawmal | J69: =IF(H69="-",0,G69*J$164) -> 290 | K69: =IF(H69="-","-",$A69&"L"&K$1) -> S315L2 | L69: =IF(I69="sawmal","TerTal",IF(I69="sawmpi","TerTpi",IF(I69="sawmsp","TerTsp",""))) -> TerTal | M69: 9999 | N69: =IF(K69="-","-",$A69&"L"&N$1) -> S315L3 | O69: =IF(N69="-","-","TerHea") -> TerHea | P69: 9999 | Q69: =IF(N69="-","-","-") -> - | R69: =IF(Q69="-","-","sawmbe") -> - | S69: =IF(Q69="-",0,MIN(G69*$J$164,1)) -> 0
A70: S318 | B70: =A70 -> S318 | C70: 20 | D70: 31 | E70: 6710600.8 | F70: 504431.29 | G70: 332 | H70: =IF(OR(G70>$G$165,I70="sawmbe"),$A70&"L"&H$1,"-") -> S318L1 | I70: sawmal | J70: =IF(H70="-",0,G70*J$164) -> 332 | K70: =IF(H70="-","-",$A70&"L"&K$1) -> S318L2 | L70: =IF(I70="sawmal","TerTal",IF(I70="sawmpi","TerTpi",IF(I70="sawmsp","TerTsp",""))) -> TerTal | M70: 9999 | N70: =IF(K70="-","-",$A70&"L"&N$1) -> S318L3 | O70: =IF(N70="-","-","TerHea") -> TerHea | P70: 9999 | Q70: =IF(N70="-","-","-") -> - | R70: =IF(Q70="-","-","sawmbe") -> - | S70: =IF(Q70="-",0,MIN(G70*$J$164,1)) -> 0
A71: S321 | B71: =A71 -> S321 | C71: 6 | D71: 21 | E71: 6385814.4 | F71: 528484.49 | G71: 175 | H71: =IF(OR(G71>$G$165,I71="sawmbe"),$A71&"L"&H$1,"-") -> S321L1 | I71: sawmal | J71: =IF(H71="-",0,G71*J$164) -> 175 | K71: =IF(H71="-","-",$A71&"L"&K$1) -> S321L2 | L71: =IF(I71="sawmal","TerTal",IF(I71="sawmpi","TerTpi",IF(I71="sawmsp","TerTsp",""))) -> TerTal | M71: 9999 | N71: =IF(K71="-","-",$A71&"L"&N$1) -> S321L3 | O71: =IF(N71="-","-","TerHea") -> TerHea | P71: 9999 | Q71: =IF(N71="-","-","-") -> - | R71: =IF(Q71="-","-","sawmbe") -> - | S71: =IF(Q71="-",0,MIN(G71*$J$164,1)) -> 0
A72: S322 | B72: =A72 -> S322 | C72: 19 | D72: 12 | E72: 6649670.5 | F72: 545005.99 | G72: 295 | H72: =IF(OR(G72>$G$165,I72="sawmbe"),$A72&"L"&H$1,"-") -> S322L1 | I72: sawmal | J72: =IF(H72="-",0,G72*J$164) -> 295 | K72: =IF(H72="-","-",$A72&"L"&K$1) -> S322L2 | L72: =IF(I72="sawmal","TerTal",IF(I72="sawmpi","TerTpi",IF(I72="sawmsp","TerTsp",""))) -> TerTal | M72: 9999 | N72: =IF(K72="-","-",$A72&"L"&N$1) -> S322L3 | O72: =IF(N72="-","-","TerHea") -> TerHea | P72: 9999 | Q72: =IF(N72="-","-","-") -> - | R72: =IF(Q72="-","-","sawmbe") -> - | S72: =IF(Q72="-",0,MIN(G72*$J$164,1)) -> 0
A73: S326 | B73: =A73 -> S326 | C73: 24 | D73: 33 | E73: 7126566 | F73: 568924.1 | G73: 25 | H73: =IF(OR(G73>$G$165,I73="sawmbe"),$A73&"L"&H$1,"-") -> - | I73: sawmal | J73: =IF(H73="-",0,G73*J$164) -> 0 | K73: =IF(H73="-","-",$A73&"L"&K$1) -> - | L73: =IF(I73="sawmal","TerTal",IF(I73="sawmpi","TerTpi",IF(I73="sawmsp","TerTsp",""))) -> TerTal | M73: 9999 | N73: =IF(K73="-","-",$A73&"L"&N$1) -> - | O73: =IF(N73="-","-","TerHea") -> - | P73: 9999 | Q73: =IF(N73="-","-","-") -> - | R73: =IF(Q73="-","-","sawmbe") -> - | S73: =IF(Q73="-",0,MIN(G73*$J$164,1)) -> 0
A74: S33 | B74: =A74 -> S33 | C74: 8 | D74: 21 | E74: 6388874.4 | F74: 551881.97 | G74: 25 | H74: =IF(OR(G74>$G$165,I74="sawmbe"),$A74&"L"&H$1,"-") -> - | I74: sawmal | J74: =IF(H74="-",0,G74*J$164) -> 0 | K74: =IF(H74="-","-",$A74&"L"&K$1) -> - | L74: =IF(I74="sawmal","TerTal",IF(I74="sawmpi","TerTpi",IF(I74="sawmsp","TerTsp",""))) -> TerTal | M74: 9999 | N74: =IF(K74="-","-",$A74&"L"&N$1) -> - | O74: =IF(N74="-","-","TerHea") -> - | P74: 9999 | Q74: =IF(N74="-","-","-") -> - | R74: =IF(Q74="-","-","sawmbe") -> - | S74: =IF(Q74="-",0,MIN(G74*$J$164,1)) -> 0
A75: S330 | B75: =A75 -> S330 | C75: 8 | D75: 21 | E75: 6395881.6 | F75: 559486.37 | G75: 60 | H75: =IF(OR(G75>$G$165,I75="sawmbe"),$A75&"L"&H$1,"-") -> S330L1 | I75: sawmal | J75: =IF(H75="-",0,G75*J$164) -> 60 | K75: =IF(H75="-","-",$A75&"L"&K$1) -> S330L2 | L75: =IF(I75="sawmal","TerTal",IF(I75="sawmpi","TerTpi",IF(I75="sawmsp","TerTsp",""))) -> TerTal | M75: 9999 | N75: =IF(K75="-","-",$A75&"L"&N$1) -> S330L3 | O75: =IF(N75="-","-","TerHea") -> TerHea | P75: 9999 | Q75: =IF(N75="-","-","-") -> - | R75: =IF(Q75="-","-","sawmbe") -> - | S75: =IF(Q75="-",0,MIN(G75*$J$164,1)) -> 0
A76: S400 | B76: =A76 -> S400 | C76: 21 | D76: 23 | E76: 6788805.117 | F76: 616082.383 | G76: 360 | H76: =IF(OR(G76>$G$165,I76="sawmbe"),$A76&"L"&H$1,"-") -> S400L1 | I76: sawmal | J76: =IF(H76="-",0,G76*J$164) -> 360 | K76: =IF(H76="-","-",$A76&"L"&K$1) -> S400L2 | L76: =IF(I76="sawmal","TerTal",IF(I76="sawmpi","TerTpi",IF(I76="sawmsp","TerTsp",""))) -> TerTal | M76: 9999 | N76: =IF(K76="-","-",$A76&"L"&N$1) -> S400L3 | O76: =IF(N76="-","-","TerHea") -> TerHea | P76: 9999 | Q76: =IF(N76="-","-","-") -> - | R76: =IF(Q76="-","-","sawmbe") -> - | S76: =IF(Q76="-",0,MIN(G76*$J$164,1)) -> 0
A77: S401 | B77: =A77 -> S401 | C77: 7 | D77: 21 | E77: 6305857.614 | F77: 471786.855 | G77: 130 | H77: =IF(OR(G77>$G$165,I77="sawmbe"),$A77&"L"&H$1,"-") -> S401L1 | I77: sawmal | J77: =IF(H77="-",0,G77*J$164) -> 130 | K77: =IF(H77="-","-",$A77&"L"&K$1) -> S401L2 | L77: =IF(I77="sawmal","TerTal",IF(I77="sawmpi","TerTpi",IF(I77="sawmsp","TerTsp",""))) -> TerTal | M77: 9999 | N77: =IF(K77="-","-",$A77&"L"&N$1) -> S401L3 | O77: =IF(N77="-","-","TerHea") -> TerHea | P77: 9999 | Q77: =IF(N77="-","-","-") -> - | R77: =IF(Q77="-","-","sawmbe") -> - | S77: =IF(Q77="-",0,MIN(G77*$J$164,1)) -> 0
A78: S402 | B78: =A78 -> S402 | C78: 14 | D78: 23 | E78: 6368268.429 | F78: 391974.531 | G78: 100 | H78: =IF(OR(G78>$G$165,I78="sawmbe"),$A78&"L"&H$1,"-") -> S402L1 | I78: sawmal | J78: =IF(H78="-",0,G78*J$164) -> 100 | K78: =IF(H78="-","-",$A78&"L"&K$1) -> S402L2 | L78: =IF(I78="sawmal","TerTal",IF(I78="sawmpi","TerTpi",IF(I78="sawmsp","TerTsp",""))) -> TerTal | M78: 9999 | N78: =IF(K78="-","-",$A78&"L"&N$1) -> S402L3 | O78: =IF(N78="-","-","TerHea") -> TerHea | P78: 9999 | Q78: =IF(N78="-","-","-") -> - | R78: =IF(Q78="-","-","sawmbe") -> - | S78: =IF(Q78="-",0,MIN(G78*$J$164,1)) -> 0
A79: S403 | B79: =A79 -> S403 | C79: 8 | D79: 21 | E79: 6400508.784 | F79: 546863.723 | G79: 17 | H79: =IF(OR(G79>$G$165,I79="sawmbe"),$A79&"L"&H$1,"-") -> - | I79: sawmal | J79: =IF(H79="-",0,G79*J$164) -> 0 | K79: =IF(H79="-","-",$A79&"L"&K$1) -> - | L79: =IF(I79="sawmal","TerTal",IF(I79="sawmpi","TerTpi",IF(I79="sawmsp","TerTsp",""))) -> TerTal | M79: 9999 | N79: =IF(K79="-","-",$A79&"L"&N$1) -> - | O79: =IF(N79="-","-","TerHea") -> - | P79: 9999 | Q79: =IF(N79="-","-","-") -> - | R79: =IF(Q79="-","-","sawmbe") -> - | S79: =IF(Q79="-",0,MIN(G79*$J$164,1)) -> 0
A80: S404 | B80: =A80 -> S404 | C80: 22 | D80: 12 | E80: 7045603.806 | F80: 638830.703 | G80: 230 | H80: =IF(OR(G80>$G$165,I80="sawmbe"),$A80&"L"&H$1,"-") -> S404L1 | I80: sawmal | J80: =IF(H80="-",0,G80*J$164) -> 230 | K80: =IF(H80="-","-",$A80&"L"&K$1) -> S404L2 | L80: =IF(I80="sawmal","TerTal",IF(I80="sawmpi","TerTpi",IF(I80="sawmsp","TerTsp",""))) -> TerTal | M80: 9999 | N80: =IF(K80="-","-",$A80&"L"&N$1) -> S404L3 | O80: =IF(N80="-","-","TerHea") -> TerHea | P80: 9999 | Q80: =IF(N80="-","-","-") -> - | R80: =IF(Q80="-","-","sawmbe") -> - | S80: =IF(Q80="-",0,MIN(G80*$J$164,1)) -> 0
A81: S405 | B81: =A81 -> S405 | C81: 7 | D81: 21 | E81: 6284393.216 | F81: 460401.372 | G81: 6 | H81: =IF(OR(G81>$G$165,I81="sawmbe"),$A81&"L"&H$1,"-") -> - | I81: sawmal | J81: =IF(H81="-",0,G81*J$164) -> 0 | K81: =IF(H81="-","-",$A81&"L"&K$1) -> - | L81: =IF(I81="sawmal","TerTal",IF(I81="sawmpi","TerTpi",IF(I81="sawmsp","TerTsp",""))) -> TerTal | M81: 9999 | N81: =IF(K81="-","-",$A81&"L"&N$1) -> - | O81: =IF(N81="-","-","TerHea") -> - | P81: 9999 | Q81: =IF(N81="-","-","-") -> - | R81: =IF(Q81="-","-","sawmbe") -> - | S81: =IF(Q81="-",0,MIN(G81*$J$164,1)) -> 0
A82: S406 | B82: =A82 -> S406 | C82: 6 | D82: 21 | E82: 6343579.863 | F82: 474480.891 | G82: 150 | H82: =IF(OR(G82>$G$165,I82="sawmbe"),$A82&"L"&H$1,"-") -> S406L1 | I82: sawmal | J82: =IF(H82="-",0,G82*J$164) -> 150 | K82: =IF(H82="-","-",$A82&"L"&K$1) -> S406L2 | L82: =IF(I82="sawmal","TerTal",IF(I82="sawmpi","TerTpi",IF(I82="sawmsp","TerTsp",""))) -> TerTal | M82: 9999 | N82: =IF(K82="-","-",$A82&"L"&N$1) -> S406L3 | O82: =IF(N82="-","-","TerHea") -> TerHea | P82: 9999 | Q82: =IF(N82="-","-","-") -> - | R82: =IF(Q82="-","-","sawmbe") -> - | S82: =IF(Q82="-",0,MIN(G82*$J$164,1)) -> 0
A83: S407 | B83: =A83 -> S407 | C83: 6 | D83: 21 | E83: 6371779.548 | F83: 487388.737 | G83: 100 | H83: =IF(OR(G83>$G$165,I83="sawmbe"),$A83&"L"&H$1,"-") -> S407L1 | I83: sawmal | J83: =IF(H83="-",0,G83*J$164) -> 100 | K83: =IF(H83="-","-",$A83&"L"&K$1) -> S407L2 | L83: =IF(I83="sawmal","TerTal",IF(I83="sawmpi","TerTpi",IF(I83="sawmsp","TerTsp",""))) -> TerTal | M83: 9999 | N83: =IF(K83="-","-",$A83&"L"&N$1) -> S407L3 | O83: =IF(N83="-","-","TerHea") -> TerHea | P83: 9999 | Q83: =IF(N83="-","-","-") -> - | R83: =IF(Q83="-","-","sawmbe") -> - | S83: =IF(Q83="-",0,MIN(G83*$J$164,1)) -> 0
A84: S408 | B84: =A84 -> S408 | C84: 6 | D84: 21 | E84: 6371841.022 | F84: 446889.271 | G84: 0 | H84: =IF(OR(G84>$G$165,I84="sawmbe"),$A84&"L"&H$1,"-") -> - | I84: sawmal | J84: =IF(H84="-",0,G84*J$164) -> 0 | K84: =IF(H84="-","-",$A84&"L"&K$1) -> - | L84: =IF(I84="sawmal","TerTal",IF(I84="sawmpi","TerTpi",IF(I84="sawmsp","TerTsp",""))) -> TerTal | M84: 9999 | N84: =IF(K84="-","-",$A84&"L"&N$1) -> - | O84: =IF(N84="-","-","TerHea") -> - | P84: 9999 | Q84: =IF(N84="-","-","-") -> - | R84: =IF(Q84="-","-","sawmbe") -> - | S84: =IF(Q84="-",0,MIN(G84*$J$164,1)) -> 0
A85: S409 | B85: =A85 -> S409 | C85: 12 | D85: 22 | E85: 6190853.762 | F85: 443114.301 | G85: 75 | H85: =IF(OR(G85>$G$165,I85="sawmbe"),$A85&"L"&H$1,"-") -> S409L1 | I85: sawmal | J85: =IF(H85="-",0,G85*J$164) -> 75 | K85: =IF(H85="-","-",$A85&"L"&K$1) -> S409L2 | L85: =IF(I85="sawmal","TerTal",IF(I85="sawmpi","TerTpi",IF(I85="sawmsp","TerTsp",""))) -> TerTal | M85: 9999 | N85: =IF(K85="-","-",$A85&"L"&N$1) -> S409L3 | O85: =IF(N85="-","-","TerHea") -> TerHea | P85: 9999 | Q85: =IF(N85="-","-","-") -> - | R85: =IF(Q85="-","-","sawmbe") -> - | S85: =IF(Q85="-",0,MIN(G85*$J$164,1)) -> 0
A86: S410 | B86: =A86 -> S410 | C86: 7 | D86: 21 | E86: 6317033.542 | F86: 517314.007 | G86: 0 | H86: =IF(OR(G86>$G$165,I86="sawmbe"),$A86&"L"&H$1,"-") -> - | I86: sawmal | J86: =IF(H86="-",0,G86*J$164) -> 0 | K86: =IF(H86="-","-",$A86&"L"&K$1) -> - | L86: =IF(I86="sawmal","TerTal",IF(I86="sawmpi","TerTpi",IF(I86="sawmsp","TerTsp",""))) -> TerTal | M86: 9999 | N86: =IF(K86="-","-",$A86&"L"&N$1) -> - | O86: =IF(N86="-","-","TerHea") -> - | P86: 9999 | Q86: =IF(N86="-","-","-") -> - | R86: =IF(Q86="-","-","sawmbe") -> - | S86: =IF(Q86="-",0,MIN(G86*$J$164,1)) -> 0
A87: S411 | B87: =A87 -> S411 | C87: 20 | D87: 31 | E87: 6751332.822 | F87: 540462.971 | G87: 65 | H87: =IF(OR(G87>$G$165,I87="sawmbe"),$A87&"L"&H$1,"-") -> S411L1 | I87: sawmal | J87: =IF(H87="-",0,G87*J$164) -> 65 | K87: =IF(H87="-","-",$A87&"L"&K$1) -> S411L2 | L87: =IF(I87="sawmal","TerTal",IF(I87="sawmpi","TerTpi",IF(I87="sawmsp","TerTsp",""))) -> TerTal | M87: 9999 | N87: =IF(K87="-","-",$A87&"L"&N$1) -> S411L3 | O87: =IF(N87="-","-","TerHea") -> TerHea | P87: 9999 | Q87: =IF(N87="-","-","-") -> - | R87: =IF(Q87="-","-","sawmbe") -> - | S87: =IF(Q87="-",0,MIN(G87*$J$164,1)) -> 0
... A134: S458 | B134: =A134 -> S458 | C134: 12 | D134: 22 | E134: 6245117.83 | F134: 397511.051 | G134: 80 | H134: =IF(OR(G134>$G$165,I134="sawmbe"),$A134&"L"&H$1,"-") -> S458L1 | I134: sawmal | J134: =IF(H134="-",0,G134*J$164) -> 80 | K134: =IF(H134="-","-",$A134&"L"&K$1) -> S458L2 | L134: =IF(I134="sawmal","TerTal",IF(I134="sawmpi","TerTpi",IF(I134="sawmsp","TerTsp",""))) -> TerTal | M134: 9999 | N134: =IF(K134="-","-",$A134&"L"&N$1) -> S458L3 | O134: =IF(N134="-","-","TerHea") -> TerHea | P134: 9999 | Q134: =IF(N134="-","-","-") -> - | R134: =IF(Q134="-","-","sawmbe") -> - | S134: =IF(Q134="-",0,MIN(G134*$J$164,1)) -> 0
A135: S459 | B135: =A135 -> S459 | C135: 25 | D135: 33 | E135: 7297233.6 | F135: 775026.349 | G135: 55 | H135: =IF(OR(G135>$G$165,I135="sawmbe"),$A135&"L"&H$1,"-") -> S459L1 | I135: sawmal | J135: =IF(H135="-",0,G135*J$164) -> 55 | K135: =IF(H135="-","-",$A135&"L"&K$1) -> S459L2 | L135: =IF(I135="sawmal","TerTal",IF(I135="sawmpi","TerTpi",IF(I135="sawmsp","TerTsp",""))) -> TerTal | M135: 9999 | N135: =IF(K135="-","-",$A135&"L"&N$1) -> S459L3 | O135: =IF(N135="-","-","TerHea") -> TerHea | P135: 9999 | Q135: =IF(N135="-","-","-") -> - | R135: =IF(Q135="-","-","sawmbe") -> - | S135: =IF(Q135="-",0,MIN(G135*$J$164,1)) -> 0
A136: S46 | B136: =A136 -> S46 | C136: 6 | D136: 21 | E136: 6316450.4 | F136: 457759.91 | G136: 147 | H136: =IF(OR(G136>$G$165,I136="sawmbe"),$A136&"L"&H$1,"-") -> S46L1 | I136: sawmsp | J136: =IF(H136="-",0,G136*J$164) -> 147 | K136: =IF(H136="-","-",$A136&"L"&K$1) -> S46L2 | L136: =IF(I136="sawmal","TerTal",IF(I136="sawmpi","TerTpi",IF(I136="sawmsp","TerTsp",""))) -> TerTsp | M136: 9999 | N136: =IF(K136="-","-",$A136&"L"&N$1) -> S46L3 | O136: =IF(N136="-","-","TerHea") -> TerHea | P136: 9999 | Q136: =IF(N136="-","-","-") -> - | R136: =IF(Q136="-","-","sawmbe") -> - | S136: =IF(Q136="-",0,MIN(G136*$J$164,1)) -> 0
A137: S460 | B137: =A137 -> S460 | C137: 6 | D137: 21 | E137: 6332688.221 | F137: 440374.34 | G137: 10 | H137: =IF(OR(G137>$G$165,I137="sawmbe"),$A137&"L"&H$1,"-") -> S460L1 | I137: sawmbe | J137: =IF(H137="-",0,G137*J$164) -> 10 | K137: =IF(H137="-","-",$A137&"L"&K$1) -> S460L2 | L137: =IF(I137="sawmal","TerTal",IF(I137="sawmpi","TerTpi",IF(I137="sawmsp","TerTsp",""))) | M137: 9999 | N137: =IF(K137="-","-",$A137&"L"&N$1) -> S460L3 | O137: =IF(N137="-","-","TerHea") -> TerHea | P137: 9999 | Q137: =IF(N137="-","-","-") -> - | R137: =IF(Q137="-","-","sawmbe") -> - | S137: =IF(Q137="-",0,MIN(G137*$J$164,1)) -> 0
A138: S47 | B138: =A138 -> S47 | C138: 8 | D138: 21 | E138: 6385979.9 | F138: 561430.7 | G138: 120 | H138: =IF(OR(G138>$G$165,I138="sawmbe"),$A138&"L"&H$1,"-") -> S47L1 | I138: sawmal | J138: =IF(H138="-",0,G138*J$164) -> 120 | K138: =IF(H138="-","-",$A138&"L"&K$1) -> S47L2 | L138: =IF(I138="sawmal","TerTal",IF(I138="sawmpi","TerTpi",IF(I138="sawmsp","TerTsp",""))) -> TerTal | M138: 9999 | N138: =IF(K138="-","-",$A138&"L"&N$1) -> S47L3 | O138: =IF(N138="-","-","TerHea") -> TerHea | P138: 9999 | Q138: =IF(N138="-","-","-") -> - | R138: =IF(Q138="-","-","sawmbe") -> - | S138: =IF(Q138="-",0,MIN(G138*$J$164,1)) -> 0
A139: S52 | B139: =A139 -> S52 | C139: 24 | D139: 33 | E139: 7234807.1 | F139: 674118.24 | G139: 0 | H139: =IF(OR(G139>$G$165,I139="sawmbe"),$A139&"L"&H$1,"-") -> - | I139: sawmal | J139: =IF(H139="-",0,G139*J$164) -> 0 | K139: =IF(H139="-","-",$A139&"L"&K$1) -> - | L139: =IF(I139="sawmal","TerTal",IF(I139="sawmpi","TerTpi",IF(I139="sawmsp","TerTsp",""))) -> TerTal | M139: 9999 | N139: =IF(K139="-","-",$A139&"L"&N$1) -> - | O139: =IF(N139="-","-","TerHea") -> - | P139: 9999 | Q139: =IF(N139="-","-","-") -> - | R139: =IF(Q139="-","-","sawmbe") -> - | S139: =IF(Q139="-",0,MIN(G139*$J$164,1)) -> 0
A140: S53 | B140: =A140 -> S53 | C140: 8 | D140: 21 | E140: 6251920 | F140: 561556.39 | G140: 20 | H140: =IF(OR(G140>$G$165,I140="sawmbe"),$A140&"L"&H$1,"-") -> - | I140: sawmpi | J140: =IF(H140="-",0,G140*J$164) -> 0 | K140: =IF(H140="-","-",$A140&"L"&K$1) -> - | L140: =IF(I140="sawmal","TerTal",IF(I140="sawmpi","TerTpi",IF(I140="sawmsp","TerTsp",""))) -> TerTpi | M140: 9999 | N140: =IF(K140="-","-",$A140&"L"&N$1) -> - | O140: =IF(N140="-","-","TerHea") -> - | P140: 9999 | Q140: =IF(N140="-","-","-") -> - | R140: =IF(Q140="-","-","sawmbe") -> - | S140: =IF(Q140="-",0,MIN(G140*$J$164,1)) -> 0
A141: S59 | B141: =A141 -> S59 | C141: 6 | D141: 21 | E141: 6380460.1 | F141: 498806.28 | G141: 100 | H141: =IF(OR(G141>$G$165,I141="sawmbe"),$A141&"L"&H$1,"-") -> S59L1 | I141: sawmal | J141: =IF(H141="-",0,G141*J$164) -> 100 | K141: =IF(H141="-","-",$A141&"L"&K$1) -> S59L2 | L141: =IF(I141="sawmal","TerTal",IF(I141="sawmpi","TerTpi",IF(I141="sawmsp","TerTsp",""))) -> TerTal | M141: 9999 | N141: =IF(K141="-","-",$A141&"L"&N$1) -> S59L3 | O141: =IF(N141="-","-","TerHea") -> TerHea | P141: 9999 | Q141: =IF(N141="-","-","-") -> - | R141: =IF(Q141="-","-","sawmbe") -> - | S141: =IF(Q141="-",0,MIN(G141*$J$164,1)) -> 0
A142: S6 | B142: =A142 -> S6 | C142: 14 | D142: 23 | E142: 6466554.3 | F142: 378854.61 | G142: 40 | H142: =IF(OR(G142>$G$165,I142="sawmbe"),$A142&"L"&H$1,"-") -> - | I142: sawmal | J142: =IF(H142="-",0,G142*J$164) -> 0 | K142: =IF(H142="-","-",$A142&"L"&K$1) -> - | L142: =IF(I142="sawmal","TerTal",IF(I142="sawmpi","TerTpi",IF(I142="sawmsp","TerTsp",""))) -> TerTal | M142: 9999 | N142: =IF(K142="-","-",$A142&"L"&N$1) -> - | O142: =IF(N142="-","-","TerHea") -> - | P142: 9999 | Q142: =IF(N142="-","-","-") -> - | R142: =IF(Q142="-","-","sawmbe") -> - | S142: =IF(Q142="-",0,MIN(G142*$J$164,1)) -> 0
A143: S62 | B143: =A143 -> S62 | C143: 6 | D143: 21 | E143: 6395474.8 | F143: 481254.49 | G143: 70 | H143: =IF(OR(G143>$G$165,I143="sawmbe"),$A143&"L"&H$1,"-") -> S62L1 | I143: sawmal | J143: =IF(H143="-",0,G143*J$164) -> 70 | K143: =IF(H143="-","-",$A143&"L"&K$1) -> S62L2 | L143: =IF(I143="sawmal","TerTal",IF(I143="sawmpi","TerTpi",IF(I143="sawmsp","TerTsp",""))) -> TerTal | M143: 9999 | N143: =IF(K143="-","-",$A143&"L"&N$1) -> S62L3 | O143: =IF(N143="-","-","TerHea") -> TerHea | P143: 9999 | Q143: =IF(N143="-","-","-") -> - | R143: =IF(Q143="-","-","sawmbe") -> - | S143: =IF(Q143="-",0,MIN(G143*$J$164,1)) -> 0
A144: S64 | B144: =A144 -> S64 | C144: 13 | D144: 23 | E144: 6265562.4 | F144: 396400.84 | G144: 135 | H144: =IF(OR(G144>$G$165,I144="sawmbe"),$A144&"L"&H$1,"-") -> S64L1 | I144: sawmal | J144: =IF(H144="-",0,G144*J$164) -> 135 | K144: =IF(H144="-","-",$A144&"L"&K$1) -> S64L2 | L144: =IF(I144="sawmal","TerTal",IF(I144="sawmpi","TerTpi",IF(I144="sawmsp","TerTsp",""))) -> TerTal | M144: 9999 | N144: =IF(K144="-","-",$A144&"L"&N$1) -> S64L3 | O144: =IF(N144="-","-","TerHea") -> TerHea | P144: 9999 | Q144: =IF(N144="-","-","-") -> - | R144: =IF(Q144="-","-","sawmbe") -> - | S144: =IF(Q144="-",0,MIN(G144*$J$164,1)) -> 0
A145: S65 | B145: =A145 -> S65 | C145: 4 | D145: 12 | E145: 6569678.9 | F145: 619804.01 | G145: 120 | H145: =IF(OR(G145>$G$165,I145="sawmbe"),$A145&"L"&H$1,"-") -> S65L1 | I145: sawmal | J145: =IF(H145="-",0,G145*J$164) -> 120 | K145: =IF(H145="-","-",$A145&"L"&K$1) -> S65L2 | L145: =IF(I145="sawmal","TerTal",IF(I145="sawmpi","TerTpi",IF(I145="sawmsp","TerTsp",""))) -> TerTal | M145: 9999 | N145: =IF(K145="-","-",$A145&"L"&N$1) -> S65L3 | O145: =IF(N145="-","-","TerHea") -> TerHea | P145: 9999 | Q145: =IF(N145="-","-","-") -> - | R145: =IF(Q145="-","-","sawmbe") -> - | S145: =IF(Q145="-",0,MIN(G145*$J$164,1)) -> 0
A146: S69 | B146: =A146 -> S69 | C146: 24 | D146: 33 | E146: 7096837.8 | F146: 738893.94 | G146: 120 | H146: =IF(OR(G146>$G$165,I146="sawmbe"),$A146&"L"&H$1,"-") -> S69L1 | I146: sawmal | J146: =IF(H146="-",0,G146*J$164) -> 120 | K146: =IF(H146="-","-",$A146&"L"&K$1) -> S69L2 | L146: =IF(I146="sawmal","TerTal",IF(I146="sawmpi","TerTpi",IF(I146="sawmsp","TerTsp",""))) -> TerTal | M146: 9999 | N146: =IF(K146="-","-",$A146&"L"&N$1) -> S69L3 | O146: =IF(N146="-","-","TerHea") -> TerHea | P146: 9999 | Q146: =IF(N146="-","-","-") -> - | R146: =IF(Q146="-","-","sawmbe") -> - | S146: =IF(Q146="-",0,MIN(G146*$J$164,1)) -> 0
A147: S70 | B147: =A147 -> S70 | C147: 13 | D147: 23 | E147: 6345750.8 | F147: 329663.63 | G147: 45 | H147: =IF(OR(G147>$G$165,I147="sawmbe"),$A147&"L"&H$1,"-") -> - | I147: sawmpi | J147: =IF(H147="-",0,G147*J$164) -> 0 | K147: =IF(H147="-","-",$A147&"L"&K$1) -> - | L147: =IF(I147="sawmal","TerTal",IF(I147="sawmpi","TerTpi",IF(I147="sawmsp","TerTsp",""))) -> TerTpi | M147: 9999 | N147: =IF(K147="-","-",$A147&"L"&N$1) -> - | O147: =IF(N147="-","-","TerHea") -> - | P147: 9999 | Q147: =IF(N147="-","-","-") -> - | R147: =IF(Q147="-","-","sawmbe") -> - | S147: =IF(Q147="-",0,MIN(G147*$J$164,1)) -> 0
A148: S71 | B148: =A148 -> S71 | C148: 19 | D148: 12 | E148: 6656352.3 | F148: 559848.59 | G148: 75 | H148: =IF(OR(G148>$G$165,I148="sawmbe"),$A148&"L"&H$1,"-") -> S71L1 | I148: sawmpi | J148: =IF(H148="-",0,G148*J$164) -> 75 | K148: =IF(H148="-","-",$A148&"L"&K$1) -> S71L2 | L148: =IF(I148="sawmal","TerTal",IF(I148="sawmpi","TerTpi",IF(I148="sawmsp","TerTsp",""))) -> TerTpi | M148: 9999 | N148: =IF(K148="-","-",$A148&"L"&N$1) -> S71L3 | O148: =IF(N148="-","-","TerHea") -> TerHea | P148: 9999 | Q148: =IF(N148="-","-","-") -> - | R148: =IF(Q148="-","-","sawmbe") -> - | S148: =IF(Q148="-",0,MIN(G148*$J$164,1)) -> 0
A149: S72 | B149: =A149 -> S72 | C149: 14 | D149: 23 | E149: 6417735.6 | F149: 382056.9 | G149: 120 | H149: =IF(OR(G149>$G$165,I149="sawmbe"),$A149&"L"&H$1,"-") -> S72L1 | I149: sawmsp | J149: =IF(H149="-",0,G149*J$164) -> 120 | K149: =IF(H149="-","-",$A149&"L"&K$1) -> S72L2 | L149: =IF(I149="sawmal","TerTal",IF(I149="sawmpi","TerTpi",IF(I149="sawmsp","TerTsp",""))) -> TerTsp | M149: 9999 | N149: =IF(K149="-","-",$A149&"L"&N$1) -> S72L3 | O149: =IF(N149="-","-","TerHea") -> TerHea | P149: 9999 | Q149: =IF(N149="-","-","-") -> - | R149: =IF(Q149="-","-","sawmbe") -> - | S149: =IF(Q149="-",0,MIN(G149*$J$164,1)) -> 0
... A154: S94 | B154: =A154 -> S94 | C154: 13 | D154: 23 | E154: 6325796.1 | F154: 359866 | G154: 60 | H154: =IF(OR(G154>$G$165,I154="sawmbe"),$A154&"L"&H$1,"-") -> S94L1 | I154: sawmal | J154: =IF(H154="-",0,G154*J$164) -> 60 | K154: =IF(H154="-","-",$A154&"L"&K$1) -> S94L2 | L154: =IF(I154="sawmal","TerTal",IF(I154="sawmpi","TerTpi",IF(I154="sawmsp","TerTsp",""))) -> TerTal | M154: 9999 | N154: =IF(K154="-","-",$A154&"L"&N$1) -> S94L3 | O154: =IF(N154="-","-","TerHea") -> TerHea | P154: 9999 | Q154: =IF(N154="-","-","-") -> - | R154: =IF(Q154="-","-","sawmbe") -> - | S154: =IF(Q154="-",0,MIN(G154*$J$164,1)) -> 0
G164: =SUM(G2:G154) -> 18794.1 | J164: 1
F165: Min capcity | G165: 50 | J165: Capacity factor
F166: Effe. Capacity | G166: =SUM(J2:J154) -> 17703.1 | J166: =SUMIFS(J2:J154,J2:J154,">=40")/G164 -> 0.93960339
J167: =COUNTIFS(J2:J154,">0") -> 106

Sheet PulpPaper
A1: ID | B1: County | C1: NUTS2 | D1: GpsNorth | E1: GPSEast | F1: Company | G1: Location | H1: Skogsindustrierna (ej: Domsjö) | I1: 1 | J1: Type | K1: Capacity | L1: 2 | M1: Type | N1: Capacity | O1: 3 | P1: Type | Q1: Capacity | R1: 4 | S1: Type | T1: Capacity | U1: 5 | V1: Type | W1: Capacity | X1: 6 | Y1: Type | Z1: Capacity | AA1: 7 | AB1: Type | AC1: Capacity
A2: P2 | B2: 25 | C2: 33 | D2: 7322422.7 | E2: 877545.97 | F2: BillerudKorsnäs | G2: Karlsborg | H2: Papper: Säck, MF kraftpapper Massa: Sulfat marknadsmassa, Integrerad sulfat | I2: =$A2&"L"&I$1 -> P2L1 | J2: PuChem | K2: 335 | L2: =$A2&"L"&L$1 -> P2L2 | M2: PaChem | N2: 335 | O2: =$A2&"L"&O$1 -> P2L3 | P2: FTDpl_ | Q2: 1 | R2: =$A2&"L"&R$1 -> P2L4 | S2: PaBCCS | T2: 0 | U2: =$A2&"L"&U$1 -> P2L5 | V2: =IF(OR($J2="Puchem",$J2="PuDiss",$M2="Puchem",$M2="PuDiss",$P2="Puchem",$P2="PuDiss"),"TerPal","-") -> TerPal | W2: 9999 | X2: =$A2&"L"&X$1 -> P2L6 | Y2: =IF(OR($J2="PuMech",$J2="PuCTMP",$M2="PuMech",$M2="PuCTMP",$P2="PuMech",$P2="PuCTMP"),"TerSpr",IF(OR($J2="FTDpl_",$M2="FTDpl_",$P2="FTDpl_",$S2="FTDpl_"),"TerHea","-")) -> TerHea | Z2: 9999 | AA2: =$A2&"L"&AA$1 -> P2L7 | AB2: - | AC2: 0
A3: P26 | B3: 25 | C3: 33 | D3: 7258723 | E3: 799508.1 | F3: Smurfit Kappa | G3: Piteå | H3: Papper: Kraftliner Massa: Integrerad sulfat | I3: =$A3&"L"&I$1 -> P26L1 | J3: PuChem | K3: 700 | L3: =$A3&"L"&L$1 -> P26L2 | M3: PaChem | N3: 700 | O3: =$A3&"L"&O$1 -> P26L3 | P3: - | Q3: 0 | R3: =$A3&"L"&R$1 -> P26L4 | S3: PaBCCS | T3: 0 | U3: =$A3&"L"&U$1 -> P26L5 | V3: =IF(OR($J3="Puchem",$J3="PuDiss",$M3="Puchem",$M3="PuDiss",$P3="Puchem",$P3="PuDiss"),"TerPal","-") -> TerPal | W3: 9999 | X3: =$A3&"L"&X$1 -> P26L6 | Y3: =IF(OR($J3="PuMech",$J3="PuCTMP",$M3="PuMech",$M3="PuCTMP",$P3="PuMech",$P3="PuCTMP"),"TerSpr",IF(OR($J3="FTDpl_",$M3="FTDpl_",$P3="FTDpl_",$S3="FTDpl_"),"TerHea","-")) -> - | Z3: 9999 | AA3: =$A3&"L"&AA$1 -> P26L7 | AB3: - | AC3: 0
A4: P24 | B4: 25 | C4: 33 | D4: 7254302.6 | E4: 803084.55 | F4: SCA | G4: Munksund | H4: Papper: Kraftliner Massa: Integrerad sulfat | I4: =$A4&"L"&I$1 -> P24L1 | J4: PuChem | K4: 300 | L4: =$A4&"L"&L$1 -> P24L2 | M4: PaChem | N4: 300 | O4: =$A4&"L"&O$1 -> P24L3 | P4: - | Q4: 1 | R4: =$A4&"L"&R$1 -> P24L4 | S4: PaBCCS | T4: 0 | U4: =$A4&"L"&U$1 -> P24L5 | V4: =IF(OR($J4="Puchem",$J4="PuDiss",$M4="Puchem",$M4="PuDiss",$P4="Puchem",$P4="PuDiss"),"TerPal","-") -> TerPal | W4: 9999 | X4: =$A4&"L"&X$1 -> P24L6 | Y4: =IF(OR($J4="PuMech",$J4="PuCTMP",$M4="PuMech",$M4="PuCTMP",$P4="PuMech",$P4="PuCTMP"),"TerSpr",IF(OR($J4="FTDpl_",$M4="FTDpl_",$P4="FTDpl_",$S4="FTDpl_"),"TerHea","-")) -> - | Z4: 9999 | AA4: =$A4&"L"&AA$1 -> P24L7 | AB4: - | AC4: 0
A5: P25 | B5: 24 | C5: 33 | D5: 7074566 | E5: 762640.16 | F5: SCA | G5: Obbola | H5: Papper: Kraftliner, Testliner Massa: Integrerad sulfat | I5: =$A5&"L"&I$1 -> P25L1 | J5: PuChem | K5: 725 | L5: =$A5&"L"&L$1 -> P25L2 | M5: PaChem | N5: 725 | O5: =$A5&"L"&O$1 -> P25L3 | P5: PuDiss | Q5: 0 | R5: =$A5&"L"&R$1 -> P25L4 | S5: FTDpl_ | T5: 1 | U5: =$A5&"L"&U$1 -> P25L5 | V5: =IF(OR($J5="Puchem",$J5="PuDiss",$M5="Puchem",$M5="PuDiss",$P5="Puchem",$P5="PuDiss"),"TerPal","-") -> TerPal | W5: 9999 | X5: =$A5&"L"&X$1 -> P25L6 | Y5: =IF(OR($J5="PuMech",$J5="PuCTMP",$M5="PuMech",$M5="PuCTMP",$P5="PuMech",$P5="PuCTMP"),"TerSpr",IF(OR($J5="FTDpl_",$M5="FTDpl_",$P5="FTDpl_",$S5="FTDpl_"),"TerHea","-")) -> TerHea | Z5: 9999 | AA5: =$A5&"L"&AA$1 -> P25L7 | AB5: - | AC5: 0
A6: P13 | B6: 22 | C6: 12 | D6: 7028224.1 | E6: 708365.21 | F6: M-real Sverige AB | I6: =$A6&"L"&I$1 -> P13L1 | J6: PuChem | K6: 0 | L6: =$A6&"L"&L$1 -> P13L2 | M6: - | N6: 0 | O6: =$A6&"L"&O$1 -> P13L3 | P6: - | Q6: 0 | R6: =$A6&"L"&R$1 -> P13L4 | S6: - | T6: 0 | U6: =$A6&"L"&U$1 -> P13L5 | V6: =IF(OR($J6="Puchem",$J6="PuDiss",$M6="Puchem",$M6="PuDiss",$P6="Puchem",$P6="PuDiss"),"TerPal","-") -> TerPal | W6: 9999 | X6: =$A6&"L"&X$1 -> P13L6 | Y6: =IF(OR($J6="PuMech",$J6="PuCTMP",$M6="PuMech",$M6="PuCTMP",$P6="PuMech",$P6="PuCTMP"),"TerSpr",IF(OR($J6="FTDpl_",$M6="FTDpl_",$P6="FTDpl_",$S6="FTDpl_"),"TerHea","-")) -> - | Z6: 9999 | AA6: =$A6&"L"&AA$1 -> P13L7 | AB6: - | AC6: 0
A7: P4 | B7: 22 | C7: 12 | D7: 7020950.6 | E7: 685571.37 | F7: Domsjö Fabriker AB | G7: Domsjö | H7: Massa: Dissolving (cellulosa, lignin och bioetanol) | I7: =$A7&"L"&I$1 -> P4L1 | J7: PuDiss | K7: 260 | L7: =$A7&"L"&L$1 -> P4L2 | M7: - | N7: 0 | O7: =$A7&"L"&O$1 -> P4L3 | P7: - | Q7: 0 | R7: =$A7&"L"&R$1 -> P4L4 | S7: - | T7: 0 | U7: =$A7&"L"&U$1 -> P4L5 | V7: =IF(OR($J7="Puchem",$J7="PuDiss",$M7="Puchem",$M7="PuDiss",$P7="Puchem",$P7="PuDiss"),"TerPal","-") -> TerPal | W7: 9999 | X7: =$A7&"L"&X$1 -> P4L6 | Y7: =IF(OR($J7="PuMech",$J7="PuCTMP",$M7="PuMech",$M7="PuCTMP",$P7="PuMech",$P7="PuCTMP"),"TerSpr",IF(OR($J7="FTDpl_",$M7="FTDpl_",$P7="FTDpl_",$S7="FTDpl_"),"TerHea","-")) -> - | Z7: 9999 | AA7: =$A7&"L"&AA$1 -> P4L7 | AB7: - | AC7: 0
A8: P35 | B8: 22 | C8: 12 | D8: 6991891 | E8: 702513 | F8: Metsä Board | G8: Husum | H8: Papper: Kraftliner, Övrig kartong Massa: Sulfat marknadsmassa, Integrerad sulfat | I8: =$A8&"L"&I$1 -> P35L1 | J8: PuChem | K8: 650 | L8: =$A8&"L"&L$1 -> P35L2 | M8: PaChem | N8: 650 | O8: =$A8&"L"&O$1 -> P35L3 | P8: - | Q8: 0 | R8: =$A8&"L"&R$1 -> P35L4 | S8: PaBCCS | T8: 0 | U8: =$A8&"L"&U$1 -> P35L5 | V8: =IF(OR($J8="Puchem",$J8="PuDiss",$M8="Puchem",$M8="PuDiss",$P8="Puchem",$P8="PuDiss"),"TerPal","-") -> TerPal | W8: 9999 | X8: =$A8&"L"&X$1 -> P35L6 | Y8: =IF(OR($J8="PuMech",$J8="PuCTMP",$M8="PuMech",$M8="PuCTMP",$P8="PuMech",$P8="PuCTMP"),"TerSpr",IF(OR($J8="FTDpl_",$M8="FTDpl_",$P8="FTDpl_",$S8="FTDpl_"),"TerHea","-")) -> - | Z8: 9999 | AA8: =$A8&"L"&AA$1 -> P35L7 | AB8: - | AC8: 0
A9: P12 | B9: 22 | C9: 12 | D9: 6987738.9 | E9: 635881.6 | F9: Mondi | G9: Dynäs | H9: Papper: Säck, MF kraftpapper Massa: Integrerad sulfat | I9: =$A9&"L"&I$1 -> P12L1 | J9: PuChem | K9: 225 | L9: =$A9&"L"&L$1 -> P12L2 | M9: PaChem | N9: 225 | O9: =$A9&"L"&O$1 -> P12L3 | P9: - | Q9: 0 | R9: =$A9&"L"&R$1 -> P12L4 | S9: PaBCCS | T9: 0 | U9: =$A9&"L"&U$1 -> P12L5 | V9: =IF(OR($J9="Puchem",$J9="PuDiss",$M9="Puchem",$M9="PuDiss",$P9="Puchem",$P9="PuDiss"),"TerPal","-") -> TerPal | W9: 9999 | X9: =$A9&"L"&X$1 -> P12L6 | Y9: =IF(OR($J9="PuMech",$J9="PuCTMP",$M9="PuMech",$M9="PuCTMP",$P9="PuMech",$P9="PuCTMP"),"TerSpr",IF(OR($J9="FTDpl_",$M9="FTDpl_",$P9="FTDpl_",$S9="FTDpl_"),"TerHea","-")) -> - | Z9: 9999 | AA9: =$A9&"L"&AA$1 -> P12L7 | AB9: - | AC9: 0
A10: P22 | B10: 22 | C10: 12 | D10: 6929243.4 | E10: 619204.25 | F10: SCA | G10: Östrand | H10: Massa: Sulfat marknadsmassa, Mekanisk marknadsmassa (CTMP) | I10: =$A10&"L"&I$1 -> P22L1 | J10: PuChem | K10: 900 | L10: =$A10&"L"&L$1 -> P22L2 | M10: OtChem | N10: 225 | O10: =$A10&"L"&O$1 -> P22L3 | P10: PuCTMP | Q10: 100 | R10: =$A10&"L"&R$1 -> P22L4 | S10: PuBCCS | T10: 0 | U10: =$A10&"L"&U$1 -> P22L5 | V10: =IF(OR($J10="Puchem",$J10="PuDiss",$M10="Puchem",$M10="PuDiss",$P10="Puchem",$P10="PuDiss"),"TerPal","-") -> TerPal | W10: 9999 | X10: =$A10&"L"&X$1 -> P22L6 | Y10: =IF(OR($J10="PuMech",$J10="PuCTMP",$M10="PuMech",$M10="PuCTMP",$P10="PuMech",$P10="PuCTMP"),"TerSpr",IF(OR($J10="FTDpl_",$M10="FTDpl_",$P10="FTDpl_",$S10="FTDpl_"),"TerHea","-")) -> TerSpr | Z10: 9999 | AA10: =$A10&"L"&AA$1 -> P22L7 | AB10: - | AC10: 0
A11: P23 | B11: 22 | C11: 12 | D11: 6920247.6 | E11: 622009.73 | F11: SCA | G11: Ortviken | H11: Papper: Tidningspapper, SC/LWC Massa: Integrerad mekanisk | I11: =$A11&"L"&I$1 -> P23L1 | J11: PuDiss | K11: 0 | L11: =$A11&"L"&L$1 -> P23L2 | M11: - | N11: 0 | O11: =$A11&"L"&O$1 -> P23L3 | P11: - | Q11: 0 | R11: =$A11&"L"&R$1 -> P23L4 | S11: FTDpl_ | T11: 1 | U11: =$A11&"L"&U$1 -> P23L5 | V11: =IF(OR($J11="Puchem",$J11="PuDiss",$M11="Puchem",$M11="PuDiss",$P11="Puchem",$P11="PuDiss"),"TerPal","-") -> TerPal | W11: 9999 | X11: =$A11&"L"&X$1 -> P23L6 | Y11: =IF(OR($J11="PuMech",$J11="PuCTMP",$M11="PuMech",$M11="PuCTMP",$P11="PuMech",$P11="PuCTMP"),"TerSpr",IF(OR($J11="FTDpl_",$M11="FTDpl_",$P11="FTDpl_",$S11="FTDpl_"),"TerHea","-")) -> TerHea | Z11: 9999 | AA11: =$A11&"L"&AA$1 -> P23L7 | AB11: - | AC11: 0
A12: P7 | B12: 21 | C12: 31 | D12: 6835953.3 | E12: 610650.91 | F12: Holmen | G12: Iggesund | H12: Papper: Sulfatkartong Massa: Sulfat marknadsmassa, Integrerad sulfat | I12: =$A12&"L"&I$1 -> P7L1 | J12: PuChem | K12: 540 | L12: =$A12&"L"&L$1 -> P7L2 | M12: PaChem | N12: 540 | O12: =$A12&"L"&O$1 -> P7L3 | P12: - | Q12: 0 | R12: =$A12&"L"&R$1 -> P7L4 | S12: PaBCCS | T12: 0 | U12: =$A12&"L"&U$1 -> P7L5 | V12: =IF(OR($J12="Puchem",$J12="PuDiss",$M12="Puchem",$M12="PuDiss",$P12="Puchem",$P12="PuDiss"),"TerPal","-") -> TerPal | W12: 9999 | X12: =$A12&"L"&X$1 -> P7L6 | Y12: =IF(OR($J12="PuMech",$J12="PuCTMP",$M12="PuMech",$M12="PuCTMP",$P12="PuMech",$P12="PuCTMP"),"TerSpr",IF(OR($J12="FTDpl_",$M12="FTDpl_",$P12="FTDpl_",$S12="FTDpl_"),"TerHea","-")) -> - | Z12: 9999 | AA12: =$A12&"L"&AA$1 -> P7L7 | AB12: - | AC12: 0
A13: P33 | B13: 21 | C13: 23 | D13: 6785192.5 | E13: 616656.7 | F13: Vallviks Bruk AB (Rottneros) | H13: Massa: Sulfat marknadsmassa, Mekanisk marknadsmassa | I13: =$A13&"L"&I$1 -> P33L1 | J13: PuChem | K13: 150 | L13: =$A13&"L"&L$1 -> P33L2 | M13: - | N13: 0 | O13: =$A13&"L"&O$1 -> P33L3 | P13: - | Q13: 0 | R13: =$A13&"L"&R$1 -> P33L4 | S13: - | T13: 0 | U13: =$A13&"L"&U$1 -> P33L5 | V13: =IF(OR($J13="Puchem",$J13="PuDiss",$M13="Puchem",$M13="PuDiss",$P13="Puchem",$P13="PuDiss"),"TerPal","-") -> TerPal | W13: 9999 | X13: =$A13&"L"&X$1 -> P33L6 | Y13: =IF(OR($J13="PuMech",$J13="PuCTMP",$M13="PuMech",$M13="PuCTMP",$P13="PuMech",$P13="PuCTMP"),"TerSpr",IF(OR($J13="FTDpl_",$M13="FTDpl_",$P13="FTDpl_",$S13="FTDpl_"),"TerHea","-")) -> - | Z13: 9999 | AA13: =$A13&"L"&AA$1 -> P33L7 | AB13: - | AC13: 0
A14: P9 | B14: 21 | C14: 31 | D14: 6729269.1 | E14: 623680.69 | F14: BillerudKorsnäs | G14: Gävle | H14: Papper: Sulfatkartong, Vätskekartong Massa: Integrerad sulfat | I14: =$A14&"L"&I$1 -> P9L1 | J14: PuChem | K14: 755 | L14: =$A14&"L"&L$1 -> P9L2 | M14: PaChem | N14: 755 | O14: =$A14&"L"&O$1 -> P9L3 | P14: - | Q14: 0 | R14: =$A14&"L"&R$1 -> P9L4 | S14: PaBCCS | T14: 0 | U14: =$A14&"L"&U$1 -> P9L5 | V14: =IF(OR($J14="Puchem",$J14="PuDiss",$M14="Puchem",$M14="PuDiss",$P14="Puchem",$P14="PuDiss"),"TerPal","-") -> TerPal | W14: 9999 | X14: =$A14&"L"&X$1 -> P9L6 | Y14: =IF(OR($J14="PuMech",$J14="PuCTMP",$M14="PuMech",$M14="PuCTMP",$P14="PuMech",$P14="PuCTMP"),"TerSpr",IF(OR($J14="FTDpl_",$M14="FTDpl_",$P14="FTDpl_",$S14="FTDpl_"),"TerHea","-")) -> - | Z14: 9999 | AA14: =$A14&"L"&AA$1 -> P9L7 | AB14: - | AC14: 0
A15: P32 | B15: 3 | C15: 12 | D15: 6725416.7 | E15: 630402.63 | F15: Stora Enso Pulp AB | G15: Skutskär | H15: Massa: Sulfat marknadsmassa | I15: =$A15&"L"&I$1 -> P32L1 | J15: PuChem | K15: 500 | L15: =$A15&"L"&L$1 -> P32L2 | M15: - | N15: 0 | O15: =$A15&"L"&O$1 -> P32L3 | P15: - | Q15: 0 | R15: =$A15&"L"&R$1 -> P32L4 | S15: PuBCCS | T15: 0 | U15: =$A15&"L"&U$1 -> P32L5 | V15: =IF(OR($J15="Puchem",$J15="PuDiss",$M15="Puchem",$M15="PuDiss",$P15="Puchem",$P15="PuDiss"),"TerPal","-") -> TerPal | W15: 9999 | X15: =$A15&"L"&X$1 -> P32L6 | Y15: =IF(OR($J15="PuMech",$J15="PuCTMP",$M15="PuMech",$M15="PuCTMP",$P15="PuMech",$P15="PuCTMP"),"TerSpr",IF(OR($J15="FTDpl_",$M15="FTDpl_",$P15="FTDpl_",$S15="FTDpl_"),"TerHea","-")) -> - | Z15: 9999 | AA15: =$A15&"L"&AA$1 -> P32L7 | AB15: - | AC15: 0
A16: P28 | B16: 20 | C16: 31 | D16: 6709602.1 | E16: 522935.49 | F16: Stora Enso | G16: Kvarnsveden | H16: Papper: Tidningspapper, SC/LWC Massa: Integrerad mekanisk | I16: =$A16&"L"&I$1 -> P28L1 | J16: PuDiss | K16: 0 | L16: =$A16&"L"&L$1 -> P28L2 | M16: - | N16: 0 | O16: =$A16&"L"&O$1 -> P28L3 | P16: - | Q16: 0 | R16: =$A16&"L"&R$1 -> P28L4 | S16: FTDpl_ | T16: 1 | U16: =$A16&"L"&U$1 -> P28L5 | V16: =IF(OR($J16="Puchem",$J16="PuDiss",$M16="Puchem",$M16="PuDiss",$P16="Puchem",$P16="PuDiss"),"TerPal","-") -> TerPal | W16: 9999 | X16: =$A16&"L"&X$1 -> P28L6 | Y16: =IF(OR($J16="PuMech",$J16="PuCTMP",$M16="PuMech",$M16="PuCTMP",$P16="PuMech",$P16="PuCTMP"),"TerSpr",IF(OR($J16="FTDpl_",$M16="FTDpl_",$P16="FTDpl_",$S16="FTDpl_"),"TerHea","-")) -> TerHea | Z16: 9999 | AA16: =$A16&"L"&AA$1 -> P28L7 | AB16: - | AC16: 0
A17: P27 | B17: 20 | C17: 31 | D17: 6675083.1 | E17: 572614.64 | F17: Stora Enso | G17: Fors | H17: Papper: Övrig kartong Massa: Integrerad mekanisk (CTMP) | I17: =$A17&"L"&I$1 -> P27L1 | J17: PuChem | K17: 410 | L17: =$A17&"L"&L$1 -> P27L2 | M17: PaChem | N17: 410 | O17: =$A17&"L"&O$1 -> P27L3 | P17: PuCTMP | Q17: 185 | R17: =$A17&"L"&R$1 -> P27L4 | S17: - | T17: 0 | U17: =$A17&"L"&U$1 -> P27L5 | V17: =IF(OR($J17="Puchem",$J17="PuDiss",$M17="Puchem",$M17="PuDiss",$P17="Puchem",$P17="PuDiss"),"TerPal","-") -> TerPal | W17: 9999 | X17: =$A17&"L"&X$1 -> P27L6 | Y17: =IF(OR($J17="PuMech",$J17="PuCTMP",$M17="PuMech",$M17="PuCTMP",$P17="PuMech",$P17="PuCTMP"),"TerSpr",IF(OR($J17="FTDpl_",$M17="FTDpl_",$P17="FTDpl_",$S17="FTDpl_"),"TerHea","-")) -> TerSpr | Z17: 9999 | AA17: =$A17&"L"&AA$1 -> P27L7 | AB17: - | AC17: 0
A18: P6 | B18: 1 | C18: 12 | D18: 6663673.8 | E18: 699707.19 | F18: Holmen Paper AB | G18: Hallsta | H18: Papper: SC/LWC Massa: Integrerad mekanisk | I18: =$A18&"L"&I$1 -> P6L1 | J18: PuCTMP | K18: 700 | L18: =$A18&"L"&L$1 -> P6L2 | M18: OtMech | N18: 700 | O18: =$A18&"L"&O$1 -> P6L3 | P18: - | Q18: 0 | R18: =$A18&"L"&R$1 -> P6L4 | S18: - | T18: 0 | U18: =$A18&"L"&U$1 -> P6L5 | V18: =IF(OR($J18="Puchem",$J18="PuDiss",$M18="Puchem",$M18="PuDiss",$P18="Puchem",$P18="PuDiss"),"TerPal","-") -> - | W18: 9999 | X18: =$A18&"L"&X$1 -> P6L6 | Y18: =IF(OR($J18="PuMech",$J18="PuCTMP",$M18="PuMech",$M18="PuCTMP",$P18="PuMech",$P18="PuCTMP"),"TerSpr",IF(OR($J18="FTDpl_",$M18="FTDpl_",$P18="FTDpl_",$S18="FTDpl_"),"TerHea","-")) -> TerSpr | Z18: 9999 | AA18: =$A18&"L"&AA$1 -> P6L7 | AB18: - | AC18: 0
A19: P18 | B19: 17 | C19: 31 | D19: 6630032 | E19: 393782.41 | F19: Rottneros Bruk AB | H19: Massa: Sulfat marknadsmassa | I19: =$A19&"L"&I$1 -> P18L1 | J19: PuChem | K19: 200 | L19: =$A19&"L"&L$1 -> P18L2 | M19: - | N19: 0 | O19: =$A19&"L"&O$1 -> P18L3 | P19: - | Q19: 0 | R19: =$A19&"L"&R$1 -> P18L4 | S19: PuBCCS | T19: 0 | U19: =$A19&"L"&U$1 -> P18L5 | V19: =IF(OR($J19="Puchem",$J19="PuDiss",$M19="Puchem",$M19="PuDiss",$P19="Puchem",$P19="PuDiss"),"TerPal","-") -> TerPal | W19: 9999 | X19: =$A19&"L"&X$1 -> P18L6 | Y19: =IF(OR($J19="PuMech",$J19="PuCTMP",$M19="PuMech",$M19="PuCTMP",$P19="PuMech",$P19="PuCTMP"),"TerSpr",IF(OR($J19="FTDpl_",$M19="FTDpl_",$P19="FTDpl_",$S19="FTDpl_"),"TerHea","-")) -> - | Z19: 9999 | AA19: =$A19&"L"&AA$1 -> P18L7 | AB19: - | AC19: 0
A20: P8 | B20: 18 | C20: 12 | D20: 6593530.2 | E20: 517977.71 | F20: BillerudKorsnäs | G20: Frövi | H20: Papper: Övrig kartong Massa: Integrerad sulfat | I20: =$A20&"L"&I$1 -> P8L1 | J20: PuChem | K20: 150 | L20: =$A20&"L"&L$1 -> P8L2 | M20: PaChem | N20: 150 | O20: =$A20&"L"&O$1 -> P8L3 | P20: - | Q20: 0 | R20: =$A20&"L"&R$1 -> P8L4 | S20: PaBCCS | T20: 0 | U20: =$A20&"L"&U$1 -> P8L5 | V20: =IF(OR($J20="Puchem",$J20="PuDiss",$M20="Puchem",$M20="PuDiss",$P20="Puchem",$P20="PuDiss"),"TerPal","-") -> TerPal | W20: 9999 | X20: =$A20&"L"&X$1 -> P8L6 | Y20: =IF(OR($J20="PuMech",$J20="PuCTMP",$M20="PuMech",$M20="PuCTMP",$P20="PuMech",$P20="PuCTMP"),"TerSpr",IF(OR($J20="FTDpl_",$M20="FTDpl_",$P20="FTDpl_",$S20="FTDpl_"),"TerHea","-")) -> - | Z20: 9999 | AA20: =$A20&"L"&AA$1 -> P8L7 | AB20: - | AC20: 0
A21: P10 | B21: 18 | C21: 12 | D21: 6589036.9 | E21: 513950.07 | F21: Billerud/Korsnäs Rockhammar AB | H21: Massa: Integrerad mekanisk | I21: =$A21&"L"&I$1 -> P10L1 | J21: - | K21: 0 | L21: =$A21&"L"&L$1 -> P10L2 | M21: - | N21: 0 | O21: =$A21&"L"&O$1 -> P10L3 | P21: - | Q21: 0 | R21: =$A21&"L"&R$1 -> P10L4 | S21: - | T21: 0 | U21: =$A21&"L"&U$1 -> P10L5 | V21: =IF(OR($J21="Puchem",$J21="PuDiss",$M21="Puchem",$M21="PuDiss",$P21="Puchem",$P21="PuDiss"),"TerPal","-") -> - | W21: 9999 | X21: =$A21&"L"&X$1 -> P10L6 | Y21: =IF(OR($J21="PuMech",$J21="PuCTMP",$M21="PuMech",$M21="PuCTMP",$P21="PuMech",$P21="PuCTMP"),"TerSpr",IF(OR($J21="FTDpl_",$M21="FTDpl_",$P21="FTDpl_",$S21="FTDpl_"),"TerHea","-")) -> - | Z21: 9999 | AA21: =$A21&"L"&AA$1 -> P10L7 | AB21: - | AC21: 0
A22: P1 | B22: 17 | C22: 31 | D22: 6579393.6 | E22: 392744.15 | F22: BillerudKorsnäs | G22: Gruvön | H22: Papper: Säck, MF kraftpapper , MG kraftpapper , Kraftliner, Fluting, Vätskekartong Massa: Sulfat marknadsmassa | I22: =$A22&"L"&I$1 -> P1L1 | J22: PuChem | K22: 500 | L22: =$A22&"L"&L$1 -> P1L2 | M22: PaChem | N22: 500 | O22: =$A22&"L"&O$1 -> P1L3 | P22: - | Q22: 0 | R22: =$A22&"L"&R$1 -> P1L4 | S22: PaBCCS | T22: 0 | U22: =$A22&"L"&U$1 -> P1L5 | V22: =IF(OR($J22="Puchem",$J22="PuDiss",$M22="Puchem",$M22="PuDiss",$P22="Puchem",$P22="PuDiss"),"TerPal","-") -> TerPal | W22: 9999 | X22: =$A22&"L"&X$1 -> P1L6 | Y22: =IF(OR($J22="PuMech",$J22="PuCTMP",$M22="PuMech",$M22="PuCTMP",$P22="PuMech",$P22="PuCTMP"),"TerSpr",IF(OR($J22="FTDpl_",$M22="FTDpl_",$P22="FTDpl_",$S22="FTDpl_"),"TerHea","-")) -> - | Z22: 9999 | AA22: =$A22&"L"&AA$1 -> P1L7 | AB22: - | AC22: 0
A23: P30 | B23: 17 | C23: 31 | D23: 6576867.4 | E23: 411644.07 | F23: Stora Enso Paper | G23: Skoghall | H23: Papper: Vätskekartong, Övrig kartong Massa: Integrerad sulfat, Integrerad mekanisk | I23: =$A23&"L"&I$1 -> P30L1 | J23: PuChem | K23: 675 | L23: =$A23&"L"&L$1 -> P30L2 | M23: PaChem | N23: 675 | O23: =$A23&"L"&O$1 -> P30L3 | P23: PuDiss | Q23: 0 | R23: =$A23&"L"&R$1 -> P30L4 | S23: PaBCCS | T23: 0 | U23: =$A23&"L"&U$1 -> P30L5 | V23: =IF(OR($J23="Puchem",$J23="PuDiss",$M23="Puchem",$M23="PuDiss",$P23="Puchem",$P23="PuDiss"),"TerPal","-") -> TerPal | W23: 9999 | X23: =$A23&"L"&X$1 -> P30L6 | Y23: =IF(OR($J23="PuMech",$J23="PuCTMP",$M23="PuMech",$M23="PuCTMP",$P23="PuMech",$P23="PuCTMP"),"TerSpr",IF(OR($J23="FTDpl_",$M23="FTDpl_",$P23="FTDpl_",$S23="FTDpl_"),"TerHea","-")) -> - | Z23: 9999 | AA23: =$A23&"L"&AA$1 -> P30L7 | AB23: - | AC23: 0
A24: P16 | B24: 17 | C24: 31 | D24: 6575117.6 | E24: 446987.28 | F24: Nordic Paper | G24: Bäckhammar | H24: Papper: Säck, MF kraftpapper , MG kraftpapper Massa: Sulfat marknadsmassa, Integrerad sulfat | I24: =$A24&"L"&I$1 -> P16L1 | J24: PuChem | K24: 230 | L24: =$A24&"L"&L$1 -> P16L2 | M24: PaChem | N24: 160 | O24: =$A24&"L"&O$1 -> P16L3 | P24: - | Q24: 0 | R24: =$A24&"L"&R$1 -> P16L4 | S24: PaBCCS | T24: 0 | U24: =$A24&"L"&U$1 -> P16L5 | V24: =IF(OR($J24="Puchem",$J24="PuDiss",$M24="Puchem",$M24="PuDiss",$P24="Puchem",$P24="PuDiss"),"TerPal","-") -> TerPal | W24: 9999 | X24: =$A24&"L"&X$1 -> P16L6 | Y24: =IF(OR($J24="PuMech",$J24="PuCTMP",$M24="PuMech",$M24="PuCTMP",$P24="PuMech",$P24="PuCTMP"),"TerSpr",IF(OR($J24="FTDpl_",$M24="FTDpl_",$P24="FTDpl_",$S24="FTDpl_"),"TerHea","-")) -> - | Z24: 9999 | AA24: =$A24&"L"&AA$1 -> P16L7 | AB24: - | AC24: 0
A25: P17 | B25: 17 | C25: 31 | D25: 6557336.5 | E25: 380717.17 | F25: Nordic Paper | G25: Säffle | H25: Papper: Specialpapper Massa: Sulfat marknadsmassa, Integrerad sulfat | I25: =$A25&"L"&I$1 -> P17L1 | J25: PuChem | K25: 50 | L25: =$A25&"L"&L$1 -> P17L2 | M25: OtChem | N25: 50 | O25: =$A25&"L"&O$1 -> P17L3 | P25: - | Q25: 0 | R25: =$A25&"L"&R$1 -> P17L4 | S25: - | T25: 0 | U25: =$A25&"L"&U$1 -> P17L5 | V25: =IF(OR($J25="Puchem",$J25="PuDiss",$M25="Puchem",$M25="PuDiss",$P25="Puchem",$P25="PuDiss"),"TerPal","-") -> TerPal | W25: 9999 | X25: =$A25&"L"&X$1 -> P17L6 | Y25: =IF(OR($J25="PuMech",$J25="PuCTMP",$M25="PuMech",$M25="PuCTMP",$P25="PuMech",$P25="PuCTMP"),"TerSpr",IF(OR($J25="FTDpl_",$M25="FTDpl_",$P25="FTDpl_",$S25="FTDpl_"),"TerHea","-")) -> - | Z25: 9999 | AA25: =$A25&"L"&AA$1 -> P17L7 | AB25: - | AC25: 0
A26: P15 | B26: 14 | C26: 23 | D26: 6542035.2 | E26: 342505.83 | F26: Ahlstrom-Munksjö AB, Billingsfors Bruk | H26: Papper: Specialpapper Massa: Integrerad sulfat | I26: =$A26&"L"&I$1 -> P15L1 | J26: PuChem | K26: 80 | L26: =$A26&"L"&L$1 -> P15L2 | M26: OtChem | N26: 60 | O26: =$A26&"L"&O$1 -> P15L3 | P26: - | Q26: 0 | R26: =$A26&"L"&R$1 -> P15L4 | S26: - | T26: 0 | U26: =$A26&"L"&U$1 -> P15L5 | V26: =IF(OR($J26="Puchem",$J26="PuDiss",$M26="Puchem",$M26="PuDiss",$P26="Puchem",$P26="PuDiss"),"TerPal","-") -> TerPal | W26: 9999 | X26: =$A26&"L"&X$1 -> P15L6 | Y26: =IF(OR($J26="PuMech",$J26="PuCTMP",$M26="PuMech",$M26="PuCTMP",$P26="PuMech",$P26="PuCTMP"),"TerSpr",IF(OR($J26="FTDpl_",$M26="FTDpl_",$P26="FTDpl_",$S26="FTDpl_"),"TerHea","-")) -> - | Z26: 9999 | AA26: =$A26&"L"&AA$1 -> P15L7 | AB26: - | AC26: 0
A27: P14 | B27: 18 | C27: 12 | D27: 6512671.4 | E27: 488678.68 | F27: Ahlstrom-Munksjö AB, Jönköpingsanläggningen | H27: Massa: Sulfat marknadsmassa | I27: =$A27&"L"&I$1 -> P14L1 | J27: PuChem | K27: 150 | L27: =$A27&"L"&L$1 -> P14L2 | M27: - | N27: 0 | O27: =$A27&"L"&O$1 -> P14L3 | P27: - | Q27: 0 | R27: =$A27&"L"&R$1 -> P14L4 | S27: - | T27: 0 | U27: =$A27&"L"&U$1 -> P14L5 | V27: =IF(OR($J27="Puchem",$J27="PuDiss",$M27="Puchem",$M27="PuDiss",$P27="Puchem",$P27="PuDiss"),"TerPal","-") -> TerPal | W27: 9999 | X27: =$A27&"L"&X$1 -> P14L6 | Y27: =IF(OR($J27="PuMech",$J27="PuCTMP",$M27="PuMech",$M27="PuCTMP",$P27="PuMech",$P27="PuCTMP"),"TerSpr",IF(OR($J27="FTDpl_",$M27="FTDpl_",$P27="FTDpl_",$S27="FTDpl_"),"TerHea","-")) -> - | Z27: 9999 | AA27: =$A27&"L"&AA$1 -> P14L7 | AB27: - | AC27: 0
A28: P5 | B28: 5 | C28: 12 | D28: 6500610.4 | E28: 573341.65 | F28: Holmen Paper AB | G28: Braviken | H28: Papper: Tidningspapper, SC/LWC Massa: Integrerad mekanisk | I28: =$A28&"L"&I$1 -> P5L1 | J28: PuCTMP | K28: 650 | L28: =$A28&"L"&L$1 -> P5L2 | M28: OtMech | N28: 650 | O28: =$A28&"L"&O$1 -> P5L3 | P28: PuDiss | Q28: 0 | R28: =$A28&"L"&R$1 -> P5L4 | S28: - | T28: 0 | U28: =$A28&"L"&U$1 -> P5L5 | V28: =IF(OR($J28="Puchem",$J28="PuDiss",$M28="Puchem",$M28="PuDiss",$P28="Puchem",$P28="PuDiss"),"TerPal","-") -> TerPal | W28: 9999 | X28: =$A28&"L"&X$1 -> P5L6 | Y28: =IF(OR($J28="PuMech",$J28="PuCTMP",$M28="PuMech",$M28="PuCTMP",$P28="PuMech",$P28="PuCTMP"),"TerSpr",IF(OR($J28="FTDpl_",$M28="FTDpl_",$P28="FTDpl_",$S28="FTDpl_"),"TerHea","-")) -> TerSpr | Z28: 9999 | AA28: =$A28&"L"&AA$1 -> P5L7 | AB28: - | AC28: 0
A29: P3 | B29: 5 | C29: 12 | D29: 6493534.4 | E29: 552300.17 | F29: BillerudKorsnäs | G29: Skärblacka | H29: Papper: Säck, MF kraftpapper , MG kraftpapper , Fluting Massa: Sultfat (?) | I29: =$A29&"L"&I$1 -> P3L1 | J29: PuChem | K29: 460 | L29: =$A29&"L"&L$1 -> P3L2 | M29: PaChem | N29: 460 | O29: =$A29&"L"&O$1 -> P3L3 | P29: - | Q29: 0 | R29: =$A29&"L"&R$1 -> P3L4 | S29: PaBCCS | T29: 0 | U29: =$A29&"L"&U$1 -> P3L5 | V29: =IF(OR($J29="Puchem",$J29="PuDiss",$M29="Puchem",$M29="PuDiss",$P29="Puchem",$P29="PuDiss"),"TerPal","-") -> TerPal | W29: 9999 | X29: =$A29&"L"&X$1 -> P3L6 | Y29: =IF(OR($J29="PuMech",$J29="PuCTMP",$M29="PuMech",$M29="PuCTMP",$P29="PuMech",$P29="PuCTMP"),"TerSpr",IF(OR($J29="FTDpl_",$M29="FTDpl_",$P29="FTDpl_",$S29="FTDpl_"),"TerHea","-")) -> - | Z29: 9999 | AA29: =$A29&"L"&AA$1 -> P3L7 | AB29: - | AC29: 0
A30: P34 | B30: 6 | C30: 21 | D30: 6371872.4 | E30: 446490.62 | F30: Waggeryd Cell AB | G30: Vaggeryd | H30: Massa: Mekanisk marknadsmassa (BCTMP) | I30: =$A30&"L"&I$1 -> P34L1 | J30: PuCTMP | K30: 200 | L30: =$A30&"L"&L$1 -> P34L2 | M30: - | N30: 0 | O30: =$A30&"L"&O$1 -> P34L3 | P30: - | Q30: 0 | R30: =$A30&"L"&R$1 -> P34L4 | S30: - | T30: 0 | U30: =$A30&"L"&U$1 -> P34L5 | V30: =IF(OR($J30="Puchem",$J30="PuDiss",$M30="Puchem",$M30="PuDiss",$P30="Puchem",$P30="PuDiss"),"TerPal","-") -> - | W30: 9999 | X30: =$A30&"L"&X$1 -> P34L6 | Y30: =IF(OR($J30="PuMech",$J30="PuCTMP",$M30="PuMech",$M30="PuCTMP",$P30="PuMech",$P30="PuCTMP"),"TerSpr",IF(OR($J30="FTDpl_",$M30="FTDpl_",$P30="FTDpl_",$S30="FTDpl_"),"TerHea","-")) -> TerSpr | Z30: 9999 | AA30: =$A30&"L"&AA$1 -> P34L7 | AB30: - | AC30: 0
A31: P21 | B31: 13 | C31: 23 | D31: 6345773.4 | E31: 329120.52 | F31: Södra Cell Värö | H31: Massa: Sulfat marknadsmassa | I31: =$A31&"L"&I$1 -> P21L1 | J31: PuChem | K31: 800 | L31: =$A31&"L"&L$1 -> P21L2 | M31: PuDiss | N31: 0 | O31: =$A31&"L"&O$1 -> P21L3 | P31: FTDpl_ | Q31: 1 | R31: =$A31&"L"&R$1 -> P21L4 | S31: PuBCCS | T31: 0 | U31: =$A31&"L"&U$1 -> P21L5 | V31: =IF(OR($J31="Puchem",$J31="PuDiss",$M31="Puchem",$M31="PuDiss",$P31="Puchem",$P31="PuDiss"),"TerPal","-") -> TerPal | W31: 9999 | X31: =$A31&"L"&X$1 -> P21L6 | Y31: =IF(OR($J31="PuMech",$J31="PuCTMP",$M31="PuMech",$M31="PuCTMP",$P31="PuMech",$P31="PuCTMP"),"TerSpr",IF(OR($J31="FTDpl_",$M31="FTDpl_",$P31="FTDpl_",$S31="FTDpl_"),"TerHea","-")) -> TerHea | Z31: 9999 | AA31: =$A31&"L"&AA$1 -> P21L7 | AB31: - | AC31: 0
A32: P19 | B32: 8 | C32: 21 | D32: 6328674 | E32: 593197.92 | F32: Södra Cell Mönsterås | H32: Massa: Sulfat marknadsmassa | I32: =$A32&"L"&I$1 -> P19L1 | J32: PuChem | K32: 700 | L32: =$A32&"L"&L$1 -> P19L2 | M32: - | N32: 0 | O32: =$A32&"L"&O$1 -> P19L3 | P32: - | Q32: 0 | R32: =$A32&"L"&R$1 -> P19L4 | S32: PuBCCS | T32: 0 | U32: =$A32&"L"&U$1 -> P19L5 | V32: =IF(OR($J32="Puchem",$J32="PuDiss",$M32="Puchem",$M32="PuDiss",$P32="Puchem",$P32="PuDiss"),"TerPal","-") -> TerPal | W32: 9999 | X32: =$A32&"L"&X$1 -> P19L6 | Y32: =IF(OR($J32="PuMech",$J32="PuCTMP",$M32="PuMech",$M32="PuCTMP",$P32="PuMech",$P32="PuCTMP"),"TerSpr",IF(OR($J32="FTDpl_",$M32="FTDpl_",$P32="FTDpl_",$S32="FTDpl_"),"TerHea","-")) -> - | Z32: 9999 | AA32: =$A32&"L"&AA$1 -> P19L7 | AB32: - | AC32: 0
A33: P31 | B33: 13 | C33: 23 | D33: 6318961.3 | E33: 392998.16 | F33: Eget | G33: Hylte | H33: Papper: Tidningspapper Massa: Integrerad mekanisk | I33: =$A33&"L"&I$1 -> P31L1 | J33: PuCTMP | K33: 245 | L33: =$A33&"L"&L$1 -> P31L2 | M33: NwMech | N33: 245 | O33: =$A33&"L"&O$1 -> P31L3 | P33: - | Q33: 1 | R33: =$A33&"L"&R$1 -> P31L4 | S33: - | T33: 0 | U33: =$A33&"L"&U$1 -> P31L5 | V33: =IF(OR($J33="Puchem",$J33="PuDiss",$M33="Puchem",$M33="PuDiss",$P33="Puchem",$P33="PuDiss"),"TerPal","-") -> - | W33: 9999 | X33: =$A33&"L"&X$1 -> P31L6 | Y33: =IF(OR($J33="PuMech",$J33="PuCTMP",$M33="PuMech",$M33="PuCTMP",$P33="PuMech",$P33="PuCTMP"),"TerSpr",IF(OR($J33="FTDpl_",$M33="FTDpl_",$P33="FTDpl_",$S33="FTDpl_"),"TerHea","-")) -> TerSpr | Z33: 9999 | AA33: =$A33&"L"&AA$1 -> P31L7 | AB33: - | AC33: 0
A34: P11 | B34: 7 | C34: 21 | D34: 6289234.1 | E34: 516478.12 | F34: Lessebo Bruk | I34: =$A34&"L"&I$1 -> P11L1 | J34: - | K34: 0 | L34: =$A34&"L"&L$1 -> P11L2 | M34: - | N34: 0 | O34: =$A34&"L"&O$1 -> P11L3 | P34: - | Q34: 0 | R34: =$A34&"L"&R$1 -> P11L4 | S34: - | T34: 0 | U34: =$A34&"L"&U$1 -> P11L5 | V34: =IF(OR($J34="Puchem",$J34="PuDiss",$M34="Puchem",$M34="PuDiss",$P34="Puchem",$P34="PuDiss"),"TerPal","-") -> - | W34: 9999 | X34: =$A34&"L"&X$1 -> P11L6 | Y34: =IF(OR($J34="PuMech",$J34="PuCTMP",$M34="PuMech",$M34="PuCTMP",$P34="PuMech",$P34="PuCTMP"),"TerSpr",IF(OR($J34="FTDpl_",$M34="FTDpl_",$P34="FTDpl_",$S34="FTDpl_"),"TerHea","-")) -> - | Z34: 9999 | AA34: =$A34&"L"&AA$1 -> P11L7 | AB34: - | AC34: 0
A35: P20 | B35: 10 | C35: 22 | D35: 6224076.7 | E35: 485150.69 | F35: Södra Cell Mörrum | H35: Massa: Sulfat marknadsmassa | I35: =$A35&"L"&I$1 -> P20L1 | J35: PuChem | K35: 600 | L35: =$A35&"L"&L$1 -> P20L2 | M35: PuDiss | N35: 200 | O35: =$A35&"L"&O$1 -> P20L3 | P35: - | Q35: 0 | R35: =$A35&"L"&R$1 -> P20L4 | S35: PuBCCS | T35: 0 | U35: =$A35&"L"&U$1 -> P20L5 | V35: =IF(OR($J35="Puchem",$J35="PuDiss",$M35="Puchem",$M35="PuDiss",$P35="Puchem",$P35="PuDiss"),"TerPal","-") -> TerPal | W35: 9999 | X35: =$A35&"L"&X$1 -> P20L6 | Y35: =IF(OR($J35="PuMech",$J35="PuCTMP",$M35="PuMech",$M35="PuCTMP",$P35="PuMech",$P35="PuCTMP"),"TerSpr",IF(OR($J35="FTDpl_",$M35="FTDpl_",$P35="FTDpl_",$S35="FTDpl_"),"TerHea","-")) -> - | Z35: 9999 | AA35: =$A35&"L"&AA$1 -> P20L7 | AB35: - | AC35: 0
A36: P29 | B36: 12 | C36: 22 | D36: 6210855.9 | E36: 467065.03 | F36: Stora Enso Nymölla AB | H36: Papper: Finpapper Massa: Sulfit marknadsmassa, Integrerad sulfit | I36: =$A36&"L"&I$1 -> P29L1 | J36: PuChem | K36: 800 | L36: =$A36&"L"&L$1 -> P29L2 | M36: OtChem | N36: 475 | O36: =$A36&"L"&O$1 -> P29L3 | P36: - | Q36: 0 | R36: =$A36&"L"&R$1 -> P29L4 | S36: OtBCCS | T36: 0 | U36: =$A36&"L"&U$1 -> P29L5 | V36: =IF(OR($J36="Puchem",$J36="PuDiss",$M36="Puchem",$M36="PuDiss",$P36="Puchem",$P36="PuDiss"),"TerPal","-") -> TerPal | W36: 9999 | X36: =$A36&"L"&X$1 -> P29L6 | Y36: =IF(OR($J36="PuMech",$J36="PuCTMP",$M36="PuMech",$M36="PuCTMP",$P36="PuMech",$P36="PuCTMP"),"TerSpr",IF(OR($J36="FTDpl_",$M36="FTDpl_",$P36="FTDpl_",$S36="FTDpl_"),"TerHea","-")) -> - | Z36: 9999 | AA36: =$A36&"L"&AA$1 -> P29L7 | AB36: - | AC36: 0
G38: BCCS
G39: Biofuel
G40: BCCS/Biofuel
H41: Tot cap | K41: =SUM(K2:K36) -> 13640 | N41: =SUM(N2:N36) -> 9190 | Q41: =SUM(Q2:Q36) -> 289 | T41: =SUM(T2:T36) -> 3 | W41: =SUM(W2:W36) -> 349965 | Z41: =SUM(Z2:Z36) -> 349965
H42: Tot cap > 100000 | K42: =SUMIFS(K2:K36,K2:K36,">100")/K41 -> 0.99046921 | N42: =SUMIFS(N2:N36,N2:N36,">100")/N41 -> 0.98803047 | Q42: =SUMIFS(Q2:Q36,Q2:Q36,">100")/Q41 -> 0.64013841
H43: PuChem | K43: =SUMIFS(K2:K36,J2:J36,"=PuChem") -> 11585 | N43: =SUMIFS(N2:N36,M2:M36,"=PuChem") -> 0 | Q43: =SUMIFS(Q2:Q36,P2:P36,"=PuChem") -> 0 | T43: =SUMIFS(T2:T36,S2:S36,"=PuChem") -> 0
H44: PuCTMP | K44: =SUMIFS(K2:K36,J2:J36,"=PuCTMP") -> 1795 | N44: =SUMIFS(N2:N36,M2:M36,"=PuCTMP") -> 0 | Q44: =SUMIFS(Q2:Q36,P2:P36,"=PuCTMP") -> 285 | T44: =SUMIFS(T2:T36,S2:S36,"=PuCTMP") -> 0
H45: PuMech | K45: =SUMIFS(K2:K36,J2:J36,"=PuMech") -> 0 | N45: =SUMIFS(N2:N36,M2:M36,"=PuMech") -> 0 | Q45: =SUMIFS(Q2:Q36,P2:P36,"=PuMech") -> 0 | T45: =SUMIFS(T2:T36,S2:S36,"=PuMech") -> 0
H46: PuDiss | K46: =SUMIFS(K2:K36,J2:J36,"=PuDiss") -> 260 | N46: =SUMIFS(N2:N36,M2:M36,"=PuDiss") -> 200 | Q46: =SUMIFS(Q2:Q36,P2:P36,"=PuDiss") -> 0 | T46: =SUMIFS(T2:T36,S2:S36,"=PuDiss") -> 0
H47: PaChem | K47: =SUMIFS(K2:K36,J2:J36,"=PaChem") -> 0 | N47: =SUMIFS(N2:N36,M2:M36,"=PaChem") -> 6585 | Q47: =SUMIFS(Q2:Q36,P2:P36,"=PaChem") -> 0 | T47: =SUMIFS(T2:T36,S2:S36,"=PaChem") -> 0
H48: OtChem | K48: =SUMIFS(K2:K36,J2:J36,"=OtChem") -> 0 | N48: =SUMIFS(N2:N36,M2:M36,"=OtChem") -> 810 | Q48: =SUMIFS(Q2:Q36,P2:P36,"=OtChem") -> 0 | T48: =SUMIFS(T2:T36,S2:S36,"=OtChem") -> 0
H49: OtMech | K49: =SUMIFS(K2:K36,J2:J36,"=OtMech") -> 0 | N49: =SUMIFS(N2:N36,M2:M36,"=OtMech") -> 1350 | Q49: =SUMIFS(Q2:Q36,P2:P36,"=OtMech") -> 0 | T49: =SUMIFS(T2:T36,S2:S36,"=OtMech") -> 0
H50: NwMech | K50: =SUMIFS(K2:K36,J2:J36,"=NwMech") -> 0 | N50: =SUMIFS(N2:N36,M2:M36,"=NwMech") -> 245 | Q50: =SUMIFS(Q2:Q36,P2:P36,"=NwMech") -> 0 | T50: =SUMIFS(T2:T36,S2:S36,"=NwMech") -> 0

Sheet Summary
A2: Process | B2: No. | C2: Capacity | E2: No. | F2: Process
A3: Termin | B3: 0 | C3: 0 | E3: 1 | F3: =[2]Processes!$A2 -> Sawmpi
A4: Sawmpi | B4: =COUNTIFS(SawMills!$I$2:$I$154,F3,SawMills!$J$2:$J$154,">0") -> 12 | C4: =SUMIFS(SawMills!$J$2:$J$154,SawMills!$I$2:$I$154,A4) -> 2723 | E4: 2 | F4: =[2]Processes!$A3 -> Sawmsp
A5: Sawmsp | B5: =COUNTIFS(SawMills!$I$2:$I$154,F4,SawMills!$J$2:$J$154,">0") -> 12 | C5: =SUMIFS(SawMills!$J$2:$J$154,SawMills!$I$2:$I$154,A5) -> 2779 | E5: 3 | F5: =[2]Processes!$A4 -> Sawmbe
A6: Sawmal | B6: =COUNTIFS(SawMills!$I$2:$I$154,Table2[[#This Row],[Process]],SawMills!$J$2:$J$154,">0") -> 78 | C6: =SUMIFS(SawMills!$J$2:$J$154,SawMills!$I$2:$I$154,A6) -> 12157 | E6: 4 | F6: =[2]Processes!$A5 -> Sawmal
A7: Sawmbe | B7: =COUNTIFS(SawMills!$I$2:$I$154,F5,SawMills!$J$2:$J$154,">0") -> 4 | C7: =SUMIFS(SawMills!$J$2:$J$154,SawMills!$I$2:$I$154,A7) -> 44.1 | E7: 5 | F7: =[2]Processes!$A6 -> Heatpl
A8: Heatpl | B8: =COUNTIFS(HeatingPlants!M3:M360,A8) + COUNTIFS(HeatingPlants!Q3:Q360,A8) -> 70 | C8: =SUMIFS(HeatingPlants!N3:N360,HeatingPlants!M3:M360,"=Heatpl") + SUMIFS(HeatingPlants!R3:R360,HeatingPlants!Q3:Q360,"=Heatpl") -> 24537.048 | E8: 6 | F8: =[2]Processes!$A7 -> CHPpl_
A9: CHPpl_ | B9: =COUNTIFS(HeatingPlants!M3:M360,A9) + COUNTIFS(HeatingPlants!Q3:Q360,A9) -> 21 | C9: =SUMIFS(HeatingPlants!N3:N360,HeatingPlants!M3:M360,"=CHPpl_") + SUMIFS(HeatingPlants!R3:R360,HeatingPlants!Q3:Q360,"=CHPpl_") -> 7481.4291 | E9: 7 | F9: =[2]Processes!$A8 -> FTDpl_
A10: HTLpl_ | B10: =COUNTIFS(PulpPaper!$J$2:$J$36,A10) + COUNTIFS(PulpPaper!$M$2:$M$36,A10) + COUNTIFS(PulpPaper!$P$2:$P$36,A10) + COUNTIFS(PulpPaper!$S$2:$S$36,A10) + COUNTIFS(PulpPaper!$V$2:$V$36,A10) -> 0 | C10: =SUMIFS(PulpPaper!$K$2:$K$36,PulpPaper!$J$2:$J$36,A10) + SUMIFS(PulpPaper!$N$2:$N$36,PulpPaper!$M$2:$M$36,A10) + SUMIFS(PulpPaper!$Q$2:$Q$36,PulpPaper!$P$2:$P$36,A10) + SUMIFS(PulpPaper!$T$2:$T$36,PulpPaper!$S$2:$S$36,A10) + SUMIFS(PulpPaper!$W$2:$W$36,PulpPaper!$V$2:$V$36,A10) -> 0 | E10: 8 | F10: =[2]Processes!$A9 -> PuChem
A11: PuChem | B11: =COUNTIFS(PulpPaper!$J$2:$J$36,A11) + COUNTIFS(PulpPaper!$M$2:$M$36,A11) + COUNTIFS(PulpPaper!$P$2:$P$36,A11) + COUNTIFS(PulpPaper!$S$2:$S$36,A11) + COUNTIFS(PulpPaper!$V$2:$V$36,A11) -> 26 | C11: =SUMIFS(PulpPaper!$K$2:$K$36,PulpPaper!$J$2:$J$36,A11) + SUMIFS(PulpPaper!$N$2:$N$36,PulpPaper!$M$2:$M$36,A11) + SUMIFS(PulpPaper!$Q$2:$Q$36,PulpPaper!$P$2:$P$36,A11) + SUMIFS(PulpPaper!$T$2:$T$36,PulpPaper!$S$2:$S$36,A11) + SUMIFS(PulpPaper!$W$2:$W$36,PulpPaper!$V$2:$V$36,A11) -> 11585 | E11: 9 | F11: =[2]Processes!$A10 -> PuCTMP
A12: PuCTMP | B12: =COUNTIFS(PulpPaper!$J$2:$J$36,A12) + COUNTIFS(PulpPaper!$M$2:$M$36,A12) + COUNTIFS(PulpPaper!$P$2:$P$36,A12) + COUNTIFS(PulpPaper!$S$2:$S$36,A12) + COUNTIFS(PulpPaper!$V$2:$V$36,A12) -> 6 | C12: =SUMIFS(PulpPaper!$K$2:$K$36,PulpPaper!$J$2:$J$36,A12) + SUMIFS(PulpPaper!$N$2:$N$36,PulpPaper!$M$2:$M$36,A12) + SUMIFS(PulpPaper!$Q$2:$Q$36,PulpPaper!$P$2:$P$36,A12) + SUMIFS(PulpPaper!$T$2:$T$36,PulpPaper!$S$2:$S$36,A12) + SUMIFS(PulpPaper!$W$2:$W$36,PulpPaper!$V$2:$V$36,A12) -> 2080 | E12: 10 | F12: =[2]Processes!$A11 -> PuMech
A13: PuMech | B13: =COUNTIFS(PulpPaper!$J$2:$J$36,A13) + COUNTIFS(PulpPaper!$M$2:$M$36,A13) + COUNTIFS(PulpPaper!$P$2:$P$36,A13) + COUNTIFS(PulpPaper!$S$2:$S$36,A13) + COUNTIFS(PulpPaper!$V$2:$V$36,A13) -> 0 | C13: =SUMIFS(PulpPaper!$K$2:$K$36,PulpPaper!$J$2:$J$36,A13) + SUMIFS(PulpPaper!$N$2:$N$36,PulpPaper!$M$2:$M$36,A13) + SUMIFS(PulpPaper!$Q$2:$Q$36,PulpPaper!$P$2:$P$36,A13) + SUMIFS(PulpPaper!$T$2:$T$36,PulpPaper!$S$2:$S$36,A13) + SUMIFS(PulpPaper!$W$2:$W$36,PulpPaper!$V$2:$V$36,A13) -> 0 | E13: 11 | F13: =[2]Processes!$A12 -> PuDiss
A14: PuDiss | B14: =COUNTIFS(PulpPaper!$J$2:$J$36,A14) + COUNTIFS(PulpPaper!$M$2:$M$36,A14) + COUNTIFS(PulpPaper!$P$2:$P$36,A14) + COUNTIFS(PulpPaper!$S$2:$S$36,A14) + COUNTIFS(PulpPaper!$V$2:$V$36,A14) -> 8 | C14: =SUMIFS(PulpPaper!$K$2:$K$36,PulpPaper!$J$2:$J$36,A14) + SUMIFS(PulpPaper!$N$2:$N$36,PulpPaper!$M$2:$M$36,A14) + SUMIFS(PulpPaper!$Q$2:$Q$36,PulpPaper!$P$2:$P$36,A14) + SUMIFS(PulpPaper!$T$2:$T$36,PulpPaper!$S$2:$S$36,A14) + SUMIFS(PulpPaper!$W$2:$W$36,PulpPaper!$V$2:$V$36,A14) -> 460 | E14: 12 | F14: =[2]Processes!$A13 -> PaChem
A15: PaChem | B15: =COUNTIFS(PulpPaper!$J$2:$J$36,A15) + COUNTIFS(PulpPaper!$M$2:$M$36,A15) + COUNTIFS(PulpPaper!$P$2:$P$36,A15) + COUNTIFS(PulpPaper!$S$2:$S$36,A15) + COUNTIFS(PulpPaper!$V$2:$V$36,A15) -> 14 | C15: =SUMIFS(PulpPaper!$K$2:$K$36,PulpPaper!$J$2:$J$36,A15) + SUMIFS(PulpPaper!$N$2:$N$36,PulpPaper!$M$2:$M$36,A15) + SUMIFS(PulpPaper!$Q$2:$Q$36,PulpPaper!$P$2:$P$36,A15) + SUMIFS(PulpPaper!$T$2:$T$36,PulpPaper!$S$2:$S$36,A15) + SUMIFS(PulpPaper!$W$2:$W$36,PulpPaper!$V$2:$V$36,A15) -> 6585 | E15: 13 | F15: =[2]Processes!$A14 -> OtChem
A16: OtChem | B16: =COUNTIFS(PulpPaper!$J$2:$J$36,A16) + COUNTIFS(PulpPaper!$M$2:$M$36,A16) + COUNTIFS(PulpPaper!$P$2:$P$36,A16) + COUNTIFS(PulpPaper!$S$2:$S$36,A16) + COUNTIFS(PulpPaper!$V$2:$V$36,A16) -> 4 | C16: =SUMIFS(PulpPaper!$K$2:$K$36,PulpPaper!$J$2:$J$36,A16) + SUMIFS(PulpPaper!$N$2:$N$36,PulpPaper!$M$2:$M$36,A16) + SUMIFS(PulpPaper!$Q$2:$Q$36,PulpPaper!$P$2:$P$36,A16) + SUMIFS(PulpPaper!$T$2:$T$36,PulpPaper!$S$2:$S$36,A16) + SUMIFS(PulpPaper!$W$2:$W$36,PulpPaper!$V$2:$V$36,A16) -> 810 | E16: 14 | F16: =[2]Processes!$A15 -> OtMech
A17: OtMech | B17: =COUNTIFS(PulpPaper!$J$2:$J$36,A17) + COUNTIFS(PulpPaper!$M$2:$M$36,A17) + COUNTIFS(PulpPaper!$P$2:$P$36,A17) + COUNTIFS(PulpPaper!$S$2:$S$36,A17) + COUNTIFS(PulpPaper!$V$2:$V$36,A17) -> 2 | C17: =SUMIFS(PulpPaper!$K$2:$K$36,PulpPaper!$J$2:$J$36,A17) + SUMIFS(PulpPaper!$N$2:$N$36,PulpPaper!$M$2:$M$36,A17) + SUMIFS(PulpPaper!$Q$2:$Q$36,PulpPaper!$P$2:$P$36,A17) + SUMIFS(PulpPaper!$T$2:$T$36,PulpPaper!$S$2:$S$36,A17) + SUMIFS(PulpPaper!$W$2:$W$36,PulpPaper!$V$2:$V$36,A17) -> 1350 | E17: 15 | F17: =[2]Processes!$A16 -> NwMech
A18: NwMech | B18: =COUNTIFS(PulpPaper!$J$2:$J$36,A18) + COUNTIFS(PulpPaper!$M$2:$M$36,A18) + COUNTIFS(PulpPaper!$P$2:$P$36,A18) + COUNTIFS(PulpPaper!$S$2:$S$36,A18) + COUNTIFS(PulpPaper!$V$2:$V$36,A18) -> 1 | C18: =SUMIFS(PulpPaper!$K$2:$K$36,PulpPaper!$J$2:$J$36,A18) + SUMIFS(PulpPaper!$N$2:$N$36,PulpPaper!$M$2:$M$36,A18) + SUMIFS(PulpPaper!$Q$2:$Q$36,PulpPaper!$P$2:$P$36,A18) + SUMIFS(PulpPaper!$T$2:$T$36,PulpPaper!$S$2:$S$36,A18) + SUMIFS(PulpPaper!$W$2:$W$36,PulpPaper!$V$2:$V$36,A18) -> 245 | E18: 16 | F18: =[2]Processes!$A17 -> PuBCCS
A19: PuBCCS | B19: =COUNTIFS(PulpPaper!$J$2:$J$36,A19) + COUNTIFS(PulpPaper!$M$2:$M$36,A19) + COUNTIFS(PulpPaper!$P$2:$P$36,A19) + COUNTIFS(PulpPaper!$S$2:$S$36,A19) + COUNTIFS(PulpPaper!$V$2:$V$36,A19) -> 6 | C19: =SUMIFS(PulpPaper!$K$2:$K$36,PulpPaper!$J$2:$J$36,A19) + SUMIFS(PulpPaper!$N$2:$N$36,PulpPaper!$M$2:$M$36,A19) + SUMIFS(PulpPaper!$Q$2:$Q$36,PulpPaper!$P$2:$P$36,A19) + SUMIFS(PulpPaper!$T$2:$T$36,PulpPaper!$S$2:$S$36,A19) + SUMIFS(PulpPaper!$W$2:$W$36,PulpPaper!$V$2:$V$36,A19) -> 0 | E19: 17 | F19: =[2]Processes!$A18 -> PaBCCS
A20: PaBCCS | B20: =COUNTIFS(PulpPaper!$J$2:$J$36,A20) + COUNTIFS(PulpPaper!$M$2:$M$36,A20) + COUNTIFS(PulpPaper!$P$2:$P$36,A20) + COUNTIFS(PulpPaper!$S$2:$S$36,A20) + COUNTIFS(PulpPaper!$V$2:$V$36,A20) -> 12 | C20: =SUMIFS(PulpPaper!$K$2:$K$36,PulpPaper!$J$2:$J$36,A20) + SUMIFS(PulpPaper!$N$2:$N$36,PulpPaper!$M$2:$M$36,A20) + SUMIFS(PulpPaper!$Q$2:$Q$36,PulpPaper!$P$2:$P$36,A20) + SUMIFS(PulpPaper!$T$2:$T$36,PulpPaper!$S$2:$S$36,A20) + SUMIFS(PulpPaper!$W$2:$W$36,PulpPaper!$V$2:$V$36,A20) -> 0 | E20: 18 | F20: =[2]Processes!$A19 -> OtBCCS
A21: OtBCCS | B21: =COUNTIFS(PulpPaper!$J$2:$J$36,A21) + COUNTIFS(PulpPaper!$M$2:$M$36,A21) + COUNTIFS(PulpPaper!$P$2:$P$36,A21) + COUNTIFS(PulpPaper!$S$2:$S$36,A21) + COUNTIFS(PulpPaper!$V$2:$V$36,A21) -> 1 | C21: =SUMIFS(PulpPaper!$K$2:$K$36,PulpPaper!$J$2:$J$36,A21) + SUMIFS(PulpPaper!$N$2:$N$36,PulpPaper!$M$2:$M$36,A21) + SUMIFS(PulpPaper!$Q$2:$Q$36,PulpPaper!$P$2:$P$36,A21) + SUMIFS(PulpPaper!$T$2:$T$36,PulpPaper!$S$2:$S$36,A21) + SUMIFS(PulpPaper!$W$2:$W$36,PulpPaper!$V$2:$V$36,A21) -> 0 | E21: 19 | F21: =[2]Processes!$A20 -> TerFTD
A22: Sawmills | B22: =SUM(B4:B7) -> 106 | C22: =SUM(C4:C7) -> 17703.1 | E22: 20 | F22: =[2]Processes!$A21 -> TerTsp
A23: DHPs | B23: =B8 -> 70 | C23: =C8 -> 24537.048 | E23: 21 | F23: =[2]Processes!$A22 -> TerTal
A24: DHPs w. el. | B24: =B9 -> 21 | C24: =C9 -> 7481.4291 | E24: 22 | F24: =[2]Processes!$A23 -> TerPsp
A25: Pulp mills | B25: =SUM(B11:B14) -> 40 | C25: =SUM(C11:C14) -> 14125 | E25: 23 | F25: =[2]Processes!$A24 -> TerPal
A26: Paper mills | B26: =SUM(B15:B18) -> 21 | C26: =SUM(C15:C18) -> 8990 | E26: 24 | F26: =[2]Processes!$A25 -> TerHea
B27: =B22+B23+B25 -> 216
